-- MySQL dump 10.13  Distrib 5.5.24, for Win64 (x86)
--
-- Host: localhost    Database: test2
-- ------------------------------------------------------
-- Server version	5.5.24-log

/*!40101 SET @OLD_CHARACTER_SET_CLIENT=@@CHARACTER_SET_CLIENT */;
/*!40101 SET @OLD_CHARACTER_SET_RESULTS=@@CHARACTER_SET_RESULTS */;
/*!40101 SET @OLD_COLLATION_CONNECTION=@@COLLATION_CONNECTION */;
/*!40101 SET NAMES utf8 */;
/*!40103 SET @OLD_TIME_ZONE=@@TIME_ZONE */;
/*!40103 SET TIME_ZONE='+00:00' */;
/*!40014 SET @OLD_UNIQUE_CHECKS=@@UNIQUE_CHECKS, UNIQUE_CHECKS=0 */;
/*!40014 SET @OLD_FOREIGN_KEY_CHECKS=@@FOREIGN_KEY_CHECKS, FOREIGN_KEY_CHECKS=0 */;
/*!40101 SET @OLD_SQL_MODE=@@SQL_MODE, SQL_MODE='NO_AUTO_VALUE_ON_ZERO' */;
/*!40111 SET @OLD_SQL_NOTES=@@SQL_NOTES, SQL_NOTES=0 */;

--
-- Table structure for table `acceso`
--

DROP TABLE IF EXISTS `acceso`;
/*!40101 SET @saved_cs_client     = @@character_set_client */;
/*!40101 SET character_set_client = utf8 */;
CREATE TABLE `acceso` (
  `id` int(4) NOT NULL AUTO_INCREMENT,
  `visitante` int(4) NOT NULL,
  `fechaingreso` timestamp NOT NULL DEFAULT CURRENT_TIMESTAMP,
  `fechaegreso` timestamp NULL DEFAULT NULL,
  `tarjeta` int(4) DEFAULT NULL,
  `area` int(26) DEFAULT NULL,
  PRIMARY KEY (`id`),
  KEY `visitante` (`visitante`),
  KEY `tarjeta` (`tarjeta`),
  KEY `area` (`area`),
  CONSTRAINT `acceso_ibfk_1` FOREIGN KEY (`tarjeta`) REFERENCES `tarjeta` (`id`) ON UPDATE CASCADE,
  CONSTRAINT `acceso_ibfk_2` FOREIGN KEY (`area`) REFERENCES `area` (`id`) ON UPDATE CASCADE,
  CONSTRAINT `acceso_ibfk_3` FOREIGN KEY (`visitante`) REFERENCES `visitante` (`id`) ON UPDATE CASCADE
) ENGINE=InnoDB DEFAULT CHARSET=utf8mb4;
/*!40101 SET character_set_client = @saved_cs_client */;

--
-- Dumping data for table `acceso`
--

LOCK TABLES `acceso` WRITE;
/*!40000 ALTER TABLE `acceso` DISABLE KEYS */;
/*!40000 ALTER TABLE `acceso` ENABLE KEYS */;
UNLOCK TABLES;

--
-- Table structure for table `actividad`
--

DROP TABLE IF EXISTS `actividad`;
/*!40101 SET @saved_cs_client     = @@character_set_client */;
/*!40101 SET character_set_client = utf8 */;
CREATE TABLE `actividad` (
  `id` int(8) NOT NULL AUTO_INCREMENT,
  `nombre` varchar(70) CHARACTER SET utf16 COLLATE utf16_spanish2_ci NOT NULL,
  `cantHoras` int(4) NOT NULL,
  `actividadtipo` int(8) NOT NULL,
  `plan` int(8) DEFAULT NULL,
  `propuesta` int(8) NOT NULL,
  PRIMARY KEY (`id`),
  KEY `plan` (`plan`),
  KEY `actividadtipo` (`actividadtipo`),
  KEY `propuesta` (`propuesta`),
  CONSTRAINT `actividad_ibfk_5` FOREIGN KEY (`actividadtipo`) REFERENCES `actividadtipo` (`id`) ON UPDATE CASCADE,
  CONSTRAINT `actividad_ibfk_6` FOREIGN KEY (`plan`) REFERENCES `plan` (`id`) ON UPDATE CASCADE,
  CONSTRAINT `actividad_ibfk_7` FOREIGN KEY (`propuesta`) REFERENCES `propuesta` (`id`) ON UPDATE CASCADE
) ENGINE=InnoDB AUTO_INCREMENT=169 DEFAULT CHARSET=utf8 COLLATE=utf8_spanish2_ci;
/*!40101 SET character_set_client = @saved_cs_client */;

--
-- Dumping data for table `actividad`
--

LOCK TABLES `actividad` WRITE;
/*!40000 ALTER TABLE `actividad` DISABLE KEYS */;
INSERT INTO `actividad` VALUES (1,'LENGUA Y LITERATURA CASTELLANAS I',5,1,2,1),(2,'LENGUA Y CULTURA LATINAS I',4,1,2,1),(3,'LENGUA Y CULTURA INGLESAS I',3,1,2,1),(4,'GEOGRAFÍA I',3,1,2,1),(5,'HISTORIA I',3,1,2,1),(6,'MATEMÁTICAS I',4,1,2,1),(7,'FORMACIÓN PLÁSTICA I',3,1,2,1),(8,'FORMACIÓN MUSICAL I',3,1,2,1),(9,'CIENCIAS DE LA VIDA Y DE LA TIERRA I',3,1,2,1),(10,'ESTRATEGIA DE APRENDIZAJE Y ENTRONOS VIRTUALES',4,1,2,1),(11,'FORMACIÓN ÉTICA Y CUIDADANA I',3,1,2,1),(12,'EDUCACIÓN FÍSICA Y DEPORTES I',3,1,2,1),(13,'LENGUA Y LITERATURA II',5,1,2,1),(14,'LENGUA Y CULTURAS LATINAS II',4,1,2,1),(15,'INGLÉS II',3,1,2,1),(16,'FORMACIÓN ÉTICA Y CIUDADANA  II',3,1,2,1),(17,'GEOGRAFÍA II',3,1,2,1),(18,'HISTORIA II',4,1,2,1),(19,'MATEMÁTICAS II',4,1,2,1),(20,'FORMACIÓN PLÁSTICA II',3,1,2,1),(21,'FORMACIÓN MÚSICAL II',3,1,2,1),(22,'EDUCACIÓN PARA LA SALUD',4,1,2,1),(23,'TÉCNICAS DE TRABAJO INTELECTUAL II',2,1,1,1),(24,'EDUCACIÓN FÍSICA Y DEPORTES II',3,1,2,1),(25,'LENGUA Y LITERATURA III',5,1,1,1),(26,'LENGUA Y CULTURA LATINAS III',4,1,1,1),(27,'INGLÉS III',3,1,1,1),(28,'FORMACIÓN ÉTICA Y CÍVICA II',2,1,1,1),(29,'GEOGRAFÍA III',3,1,1,1),(30,'HISTORIA III',4,1,1,1),(31,'HISTORIA DEL ARTE I',2,1,1,1),(32,'PLÁSTICA III',2,1,1,1),(33,'MÚSICA III',2,1,1,1),(34,'CIENCIAS NATURALES III',3,1,1,1),(35,'MATEMÁTICA III',5,1,1,1),(36,'EDUCACIÓN FÍSICA III',2,1,1,1),(37,'LENGUA Y LITERATURA IV',4,1,1,1),(38,'LENGUA Y CULTURA LATINAS IV',5,1,1,1),(39,'INGLÉS IV',3,1,1,1),(40,'GEOGRAFÍA IV',3,1,1,1),(41,'HISTORIA IV',4,1,1,1),(42,'FORMACIÓN ÉTICA Y CÍVICA III',2,1,1,1),(43,'HISTORIA DEL ARTE II',2,1,1,1),(44,'PLÁSTICA IV',2,1,1,1),(45,'MATEMÁTICA IV',5,1,1,1),(46,'BIOLOGÍA I',2,1,1,1),(47,'FÍSICA-QUÍMICA',3,1,1,1),(48,'EDUCACIÓN FÍSICA IV',2,1,1,1),(49,'LENGUA Y LITERATURA V',4,1,1,1),(50,'LENGUA Y CULTURA LATINAS V',2,1,1,1),(51,'LENGUA Y CULTURA GRIEGAS I',4,1,1,1),(52,'INGLÉS V',3,1,1,1),(53,'FRANCÉS I',3,1,1,1),(54,'GEOGRAFÍA V',3,1,1,1),(55,'HISTORIA V',4,1,1,1),(56,'QUÍMICA I',2,1,1,1),(57,'BIOLOGÍA II',2,1,1,1),(58,'MATEMÁTICA V - ALGEBRA',3,1,1,1),(59,'ESTADÍSTICA Y PROBABILIDADES',3,1,1,1),(60,'INFORMÁTICA II',2,1,1,1),(61,'METODOLOGÍA DE LA INVESTIGACIÓN',2,1,1,1),(62,'FILOSOFÍA I',2,1,1,1),(63,'EDUCACIÓN FÍSICA V',2,1,1,1),(64,'LENGUA Y LITERATURA VI',3,1,1,1),(65,'LENGUA Y CULTURA GRIEGAS II',3,1,1,1),(66,'INGLÉS VI',2,1,1,1),(67,'FRANCÉS II',4,1,1,1),(68,'HISTORIA VI',3,1,1,1),(69,'HISTORIA DE LA CULTURA I',2,1,1,1),(70,'GEOGRAFIA VI',2,1,1,1),(71,'FILOSOFÍA II',4,1,1,1),(72,'MATEMÁTICA VI - TRIGONOMETRÍA',2,1,1,1),(73,'GEOMETRÍA',2,1,1,1),(74,'BIOLOGÍA III',3,1,1,1),(75,'QUÍMICA II',3,1,1,1),(76,'FÍSICA I',4,1,1,1),(77,'INFORMÁTICA III',2,1,1,1),(78,'EDUCACIÓN FÍSICA VI',2,1,1,1),(79,'LENGUA Y LITERATURA VII',3,1,1,1),(80,'LENGUA Y CULTURA GRIEGAS III',3,1,1,1),(81,'FRANCÉS III',3,1,1,1),(82,'HISTORIA VII',3,1,1,1),(83,'FILOSOFÍA III',4,1,1,1),(84,'PSICOLOGÍA',2,1,1,1),(85,'ANÁLISIS MATEMÁTICO Y GEOMETRÍA ANALÍTICA',4,1,1,1),(86,'BIOLOGÍA IV',2,1,1,1),(87,'SOCIOLOGÍA',3,1,1,1),(88,'ECONOMÍA POLÍTICA',3,1,1,1),(89,'HISTORIA DE LA CULTURA II',2,1,1,1),(90,'ELEMENTOS DE DERECHO Y DERECHO CONSTITUCIONAL ARGENTINO',3,1,1,1),(91,'INFORMÁTICA IV',2,1,1,1),(92,'EDUCACIÓN FÍSICA VII',2,1,1,1),(93,'FÍSICA II',3,1,1,1),(94,'MT-NOCIONES DE DERECHO',3,1,NULL,2),(95,'MT-DERECHO COMERCIAL I',3,1,NULL,2),(96,'MT-ORGANIZACIÓN Y ÉTICA',2,1,NULL,2),(97,'MT-ADMINISTRACIÓN PÚBLICA',2,1,NULL,2),(98,'MT-LENGUAJE Y ORATORIA PROFESIONAL',2,1,NULL,2),(99,'MT-HISTORIA DEL ARTE Y DE LOS ESTILOS',1,1,NULL,2),(100,'MT-DERECHO REGISTRAL',2,1,NULL,2),(101,'MT-DERECHO COMERCIAL II',3,1,NULL,2),(102,'MT-DERECHO CIVIL',4,1,NULL,2),(103,'MT-DERECHO PROCESAL',4,1,NULL,2),(104,'MT-COMERCIALIZACIÓN INMOBILIARIA',4,1,NULL,2),(105,'MT-TASACIONES',4,1,NULL,2),(106,'MT-TÉCNICAS DE SUBASTA PÚBLICA',2,1,NULL,2),(107,'MT-REMATES DE HACIENDA',2,1,NULL,2),(108,'MT-NOCIONES BÁSICAS DE PSICOLOGÍA SOCIAL',1,1,NULL,2),(109,'MT-INFORMÁTICA APLICADA',2,1,NULL,2),(110,'BR-QUIMICA',4,1,NULL,2),(111,'BR-MATEMATICA APLICADA',2,1,NULL,2),(112,'BR-INDUSTRIAS ALIMENTARIAS I',2,1,NULL,2),(113,'BR-LEGISLACION BROMATOLOGICA',3,1,NULL,2),(114,'BR-INFORMATICA APLICADA',2,1,NULL,2),(115,'BR-QUIMICA ANALITICA',5,1,NULL,2),(116,'BR-QUIMICA APLICADA',4,1,NULL,2),(117,'BR-ANALISIS DE LOS ALIMENTOS',6,1,NULL,2),(118,'BR-INDUSTRIAS ALIMENTARIAS II',2,1,NULL,2),(119,'BR-ANALISIS DE LOS ALIMENTOS',6,1,NULL,2),(120,'BR-MICROBIOLOGIA DE LOS ALIMENTOS',4,1,NULL,2),(121,'BR-TOXICOLOGIA DE LOS ALIMENTOS',5,1,NULL,2),(122,'CV-DIBUJO LINEAL Y TECNICO',4,1,NULL,2),(123,'CV-DIBUJO ARTISTICO COLOR Y COMP. I',4,1,NULL,2),(124,'CV-SISTEMAS DE REPRESENTACIÓN',3,1,NULL,2),(125,'CV-HISTORIA DE LOS ESTILOS',4,1,NULL,2),(126,'CV-DIBUJO LINEAL Y TECNICO II',3,1,NULL,2),(127,'CV-DIBUJO ARTISTICO COLOR Y COMP. II',3,1,NULL,2),(128,'CV-HISTORIA DE LOS ESTILOS II',3,1,NULL,2),(129,'CV-PROMOCION PUBLICITARIA',3,1,NULL,2),(130,'CV-DIAGRAMACIÓN Y MONTAJE',3,1,NULL,2),(131,'CV-INFORMATICA APLICADA I',2,1,NULL,2),(132,'CV-PSICOLOGIA PUBLICITARIA',3,1,NULL,2),(133,'CV-HISTORIA DEL DISEÑO GRAFICO',3,1,NULL,2),(134,'CV-PLANIFICACIÓN Y MEDIOS',3,1,NULL,2),(135,'CV-INFORMATICA APLICADA II',2,1,NULL,2),(136,'ESCUADRA HOCKEY',4,3,1,1),(137,'ESCUADRA FÚTBOL',8,3,1,1),(138,'ESCUADRA RUGBY',3,3,1,1),(139,'ESCUADRA TIRO',6,3,1,1),(140,'ESCUADRA BASQUET',4,3,1,1),(141,'ESCUADRA HANDBALL',6,3,1,1),(142,'ESCUADRA VOLEY',4,3,1,1),(143,'ESCUADRA ESGRIMA',6,3,1,1),(144,'ESCUADRA SOFTBOL',2,3,1,1),(145,'TALLER EXPRESIÓN MUSICAL',4,2,2,1),(147,'TALLER HISTORIA COLEGIO',2,2,1,1),(148,'TALLER DE QUÍMICA',3,2,1,1),(149,'TALLER DE ASTRONOMÍA Y FÍSICA',2,2,1,1),(150,'TALLER MATEMÁTICA',4,2,1,1),(151,'TALLER TEATRO',3,2,1,1),(152,'TALLER HISTORIETA',2,2,1,1),(153,'TALLER FÍSICA/CIENCIAMAGIANDO',2,2,1,1),(154,'TALLER LITERARIO',2,2,1,1),(155,'TALLER AJEDREZ',2,2,1,1),(156,'ACTORES Y VÍNCULOS ',2,1,1,4),(157,'conocimiento y curriculum',3,1,1,4),(158,'fundamentos de la práctica',2,1,1,4),(159,'sistemas e instituciones educativas',2,1,1,4),(160,'formacion orientada',2,1,1,4),(161,'enseñanza y aprendizaje',2,1,1,4),(162,'psicologia y cultura',3,1,1,4),(163,'dinamica de grupos',2,1,1,4),(164,'formacion orientada ii',2,1,1,4),(165,'OAJNU',2,2,1,1),(166,'ARCHIVO HISTORICO',2,2,1,1),(167,'PROGRAMA DE INTERCAMBIO ESTUDIANTIL',10,2,1,1),(168,'PRUEBA OPTATIVA',96,4,2,1);
/*!40000 ALTER TABLE `actividad` ENABLE KEYS */;
UNLOCK TABLES;

--
-- Table structure for table `actividadtipo`
--

DROP TABLE IF EXISTS `actividadtipo`;
/*!40101 SET @saved_cs_client     = @@character_set_client */;
/*!40101 SET character_set_client = utf8 */;
CREATE TABLE `actividadtipo` (
  `id` int(8) NOT NULL AUTO_INCREMENT,
  `nombre` varchar(50) NOT NULL,
  PRIMARY KEY (`id`),
  KEY `id` (`id`)
) ENGINE=InnoDB AUTO_INCREMENT=5 DEFAULT CHARSET=latin1;
/*!40101 SET character_set_client = @saved_cs_client */;

--
-- Dumping data for table `actividadtipo`
--

LOCK TABLES `actividadtipo` WRITE;
/*!40000 ALTER TABLE `actividadtipo` DISABLE KEYS */;
INSERT INTO `actividadtipo` VALUES (1,'MATERIA'),(2,'TALLER'),(3,'ESCUADRA'),(4,'OPTATIVA');
/*!40000 ALTER TABLE `actividadtipo` ENABLE KEYS */;
UNLOCK TABLES;

--
-- Table structure for table `alumno`
--

DROP TABLE IF EXISTS `alumno`;
/*!40101 SET @saved_cs_client     = @@character_set_client */;
/*!40101 SET character_set_client = utf8 */;
CREATE TABLE `alumno` (
  `id` int(4) NOT NULL AUTO_INCREMENT,
  `apellido` varchar(100) NOT NULL,
  `nombre` varchar(100) NOT NULL,
  `dni` int(8) NOT NULL,
  `curso` int(4) NOT NULL,
  `fechanac` date DEFAULT NULL,
  PRIMARY KEY (`id`)
) ENGINE=InnoDB AUTO_INCREMENT=240 DEFAULT CHARSET=utf8mb4;
/*!40101 SET character_set_client = @saved_cs_client */;

--
-- Dumping data for table `alumno`
--

LOCK TABLES `alumno` WRITE;
/*!40000 ALTER TABLE `alumno` DISABLE KEYS */;
INSERT INTO `alumno` VALUES (1,'ABDULAJAD','VICTORIA AMELIA',46311575,2,'2005-12-25'),(2,'AGUIRRE MORENO','TIAGO',47474461,2,'2007-04-25'),(3,'ALBRISI','NICOLÁS',46312395,2,'2006-02-07'),(4,'ALVAREZ BARBATTI','MATEO',46379336,2,'2006-03-01'),(5,'ANDRADA VILLAR','SARA LUDMILA',46888077,2,'2006-02-08'),(6,'BLEJER','GUILLERMO',46709224,2,'2006-07-06'),(7,'BRACAMONTE COCCONI','GIANNA LOURDES',47473207,2,'2006-10-13'),(8,'BRASCA','SANTIAGO',47172757,2,'2006-05-02'),(9,'CÁPOLO','TRINIDAD',47473787,2,'2006-12-05'),(10,'CAROL','PEDRO MATEO',46768978,2,'2005-12-23'),(11,'CASTAÑARES SORIA','NAHUEL TOMÁS',46719333,2,'2006-05-23'),(12,'CHIAVARINI','PATRICIO',46846281,2,'2005-12-23'),(13,'COLLIAS','HOMERO SANTIAGO',46708276,2,'2006-06-05'),(14,'DALL\' AGLIO','DELFINA',46999742,2,'2006-02-28'),(15,'FERNÁNDEZ GIANOLI','FACUNDO',47474064,2,'2006-12-28'),(16,'FERREIRA GENARO','TOBÍAS',47265030,2,'2006-04-21'),(17,'FIGUEROA','LUCIANA BELÉN',46452078,2,'2006-01-02'),(18,'FRANCHI GONZÁLEZ DEL PINO','ANA',47305916,2,'2006-08-09'),(19,'GERBALDO','MILAGRO CELESTE',46126887,2,'2005-08-29'),(20,'HEREDIA','MARIA PAULA',47322966,2,'2006-11-02'),(21,'IRALA','ORNELLA PAULA VICTORIA',46451297,2,'2005-08-20'),(22,'KEMPA','LUCIA MARIA',46506217,2,'2005-10-14'),(23,'MERLO GARCIA','IGNACIO',46708906,2,'2006-12-16'),(24,'OLARIAGA','MELANIE JAEL',46506387,2,'2005-08-23'),(25,'OVIEDO LUCENA','CIRO AGUSTIN',46657220,2,'2005-12-29'),(26,'PAEZ','MARIA NOELI',46765231,2,'2006-02-27'),(27,'PUCHETA MALDONADO','MATIAS VALENTÍN',46223150,2,'2005-04-01'),(28,'RIVAROLA','FACUNDO BENJAMIN',46656210,2,'2005-11-08'),(29,'RIVERO','AGOSTINA',46379246,2,'2005-09-21'),(30,'SUÁREZ','MATTEO DANIEL',46419054,2,'2005-03-29'),(31,'TORT','MARTINA',46311459,2,'2005-11-11'),(32,'BAGLIO','BRUNO FABRIZIO',46845783,2,'2005-11-08'),(33,'BALAGUER','PABLO EMANUEL',46311389,2,'2005-10-15'),(34,'BARRIOS PONS','INGRID AGOSTINA',46971727,2,'2006-05-10'),(35,'BERMÚDEZ','FACUNDO ADRIEL',47000184,2,'2006-06-16'),(36,'CAMINO','CAMILA ANTONELLA',46451956,2,'2005-07-14'),(37,'CHAPARRO DILDA','LAUTARO BERNABE',46588047,2,'2005-09-09'),(38,'CHURQUINA','LUCIANA AGUSTINA',46598341,2,'2005-07-28'),(39,'CORZO','URIEL',46450796,2,'2005-07-18'),(40,'CUCCIOLETTA PEREYRA','SOFIA',46971605,2,'2005-12-31'),(41,'ENRICI','CARMELA',46886113,2,'2007-05-17'),(42,'GONZALEZ TELLO','MARTINA NATALIA',46588297,2,'2005-10-28'),(43,'GUEVARA','MIRKO EMANUEL',47172937,2,'2006-05-15'),(44,'JALIL JIMENEZ','LUZ BELÉN',46587784,2,'2005-12-21'),(45,'LOPEZ PERALTA','BRUNO',46767180,2,'2006-04-07'),(46,'MARANGUNIC','JULIA',47266205,2,'2007-01-11'),(47,'MARTÍNEZ GAVIER','MAGDALENA',46766910,2,'2007-04-19'),(48,'MARTINEZ PANTALONE','RITA',47305666,2,'2006-07-18'),(49,'MONTEROS','JOAQUIN',46708493,2,'2006-11-02'),(50,'MOURGUES','CAROLINA BERENICE',46506003,2,'2005-09-12'),(51,'PERALTA LUCCA','JAZMIN',46655051,2,'2006-08-22'),(52,'PÉREZ','AGOSTINA DESIREÉ',46127590,2,'2005-08-04'),(53,'PICÓN','LARA',46587339,2,'2005-09-20'),(54,'RIVERO','MICAELA LUCIANA',46844527,2,'2006-01-13'),(55,'ROLLE','MIA ANGELINA',47352083,2,'2007-05-13'),(56,'ROMERO','EMILIANO',47263829,2,'2006-06-26'),(57,'SOSA ESCALANTE','VICTORIA',46506442,2,'2005-09-27'),(58,'TERRAGNO PEÑALOZA','MORELLA',47265349,2,'2006-11-06'),(59,'TORRES MARINI','LUCAS',47664603,2,'2007-04-07'),(60,'ZAAVEDRA','CELESTE ABRIL',46767287,2,'2006-04-22'),(61,'ABRAHAM','SANTIAGO NAYIB',46311708,2,'2005-11-30'),(62,'ÁLVAREZ BILSKY','VALENTINA',47265028,2,'2006-05-02'),(63,'AMAT','SOFÍA',47117811,2,'2006-02-23'),(64,'BARBOZA','FLORENCIA',46451204,2,'2005-08-10'),(65,'BRIZUELA','FRANCA',46709249,2,'2006-07-05'),(66,'BURGUEÑO','MELINA',46374453,2,'2006-02-08'),(67,'CABRERA','MARTINA VALENTINA',46586983,2,'2006-03-01'),(68,'CANNIZZO','SOL MARIANELA',46223817,2,'2005-09-20'),(69,'CARRIZO NUÑEZ','OCTAVIO',47001271,2,'2007-03-12'),(70,'CASTILLO BADARIOTTI','LORENZO',47664967,2,'2007-05-22'),(71,'CECERE MONTEVERDI','FATIMA',46884493,2,'2007-06-14'),(72,'DIAZ','JOSE LUIS MAXIMILIANO',47305392,2,'2007-04-17'),(73,'DIAZ RODRIGUEZ','DUILIO NATAN',46707965,2,'2006-11-30'),(74,'DURAN','MICAELA BELEN',46033441,2,'2005-06-23'),(75,'FORTE','SANTINO AGUSTIN',47263989,2,'2006-07-25'),(76,'GUIRALDES','TOMAS ERNESTO',46846294,2,'2005-12-26'),(77,'JAIME','JEREMÍAS',46127127,2,'2005-07-11'),(78,'MARANGONZIN','VICTORIA MILAGROS',47576579,2,'2007-01-12'),(79,'MARCHIARO','REMO',47708021,2,'2007-05-07'),(80,'MINDURRY','ROCÍO ÁNGELES',46312220,2,'2006-01-12'),(81,'MORENO','EMILIANO GABRIEL',46884784,2,'2006-07-13'),(82,'OLIVA','ADA',47001020,2,'2006-09-07'),(83,'PACHECO FERREYRA','SANTINO AGUSTIN',46768381,2,'2006-03-18'),(84,'PAZ','MALENA BELÉN',46844669,2,'2006-02-15'),(85,'REVERTE','JUAN ANTONIO',46588901,2,'2006-04-12'),(86,'RIUS','GONZALO NICOLÁS',47473563,2,'2006-11-01'),(87,'RODRIGUEZ','MARIA EUGENIA',45933347,2,'2004-09-22'),(88,'SARQUIS','TOMÁS',46659644,2,'2005-07-07'),(89,'VALDIVIEZO CACERES','MARCO',46588870,2,'2006-04-22'),(90,'VILLALBA','CANDELA ABIGAIL',46708815,2,'2005-12-30'),(91,'VILLALBA RIBODINO','ALEJO NAHUEL',46886336,2,'2006-09-11'),(92,'ACEVEDO','JOAQUÍN',47001479,2,'2006-04-30'),(93,'ÁLVAREZ NAVARRO','CELESTE',46507150,2,'2006-06-21'),(94,'BARRIENTOS MARCELO','ALEXANDRO MARTÍN',46999581,2,'2006-02-11'),(95,'BAUDAUX','ORIANA VALENTINA',47004368,2,'2005-12-14'),(96,'BOCCO CAMARA','GENARO',46846640,2,'2007-02-05'),(97,'BURGOS FERREYRA','SANTIAGO NICOLÁS',46374887,2,'2006-04-20'),(98,'CADAR PONCE','CIRO',47664561,2,'2007-03-16'),(99,'CÓRDOBA','ANA CAMILA',47577170,2,'2007-02-27'),(100,'CUDÓS GUZMÁN','AUGUSTO',46971022,2,'2006-01-13'),(101,'DELORENZINI','MARTINA',46656208,2,'2005-11-06'),(102,'FORTE','BENICIO TOMAS',47263990,2,'2006-07-25'),(103,'GARBINO','MARINA CELESTE',46506486,2,'2005-10-03'),(104,'GOMEZ','ANA SOFÍA',46719135,2,'2005-10-08'),(105,'GRANERO TORRES','BIANCA',47473525,2,'2006-11-18'),(106,'LALLANA','JUAN AGUSTIN',47914148,2,'2007-03-09'),(107,'MAENZA FERRERO','SOFÍA',46506100,2,'2005-10-12'),(108,'MARTINEZ','LUCÍA DEL VALLE',46973608,2,'2006-03-02'),(109,'PACETTI TERRA','MARIANA SOFÍA',48176378,2,'2007-09-14'),(110,'PANERO','FRANCA',46709680,2,'2005-08-17'),(111,'RIQUELME TORRES','VALENTÍN NICOLÁS',46889353,2,'2006-05-08'),(112,'ROMANO','OCTAVIA ANGELINA',47473377,2,'2006-11-10'),(113,'SARMIENTO','ZAHIRA FLORENCIA',47252248,2,'2006-06-04'),(114,'STOFFEL','TADEO',46588383,2,'2006-07-05'),(115,'SUASNABAR','LAILA',46511814,2,'2005-07-14'),(116,'SUPAGA COLL','CATALINA JUANA',47825845,2,'2007-05-28'),(117,'SZEGEDY MANDILE','JEREMIAS',47305759,2,'2006-07-08'),(118,'TABARES FONTI','PALOMA',46971097,2,'2006-01-19'),(119,'TOLCACHIR','GUILLERMINA',46846164,2,'2005-12-14'),(120,'TORRES KESELMAN','BENJAMÍN',46766577,2,'2007-02-14'),(121,'VELEZ ROJAS','JOAQUÍN',46846556,2,'2006-10-24'),(122,'VERA BERTON','LUCIA CONSTANZA',47351492,2,'2006-10-11'),(123,'ACOSTA FERNANDEZ','SALVADOR',47708466,2,'2007-06-09'),(124,'ALEGRE','VALENTINA',47350704,2,'2006-08-29'),(125,'BARRETO','VALENTINA',46587974,2,'2006-03-29'),(126,'BARRIONUEVO','MAXIMILIANO',46587948,2,'2006-03-03'),(127,'BRACAMONTE','MILAGROS AGUSTINA',46506471,2,'2005-09-07'),(128,'BRUEGGER','EMILY',47662603,2,'2007-01-30'),(129,'CARDENAS PAUCAR','DIEGO JOSUE',94292192,2,'2005-08-01'),(130,'CHAVES','ERNESTINA',47350939,2,'2006-09-27'),(131,'CLAROS RAMOS','ANDREA BELÉN',47265292,2,'2006-10-07'),(132,'DE LUCA MARTOS','GAEL',94829880,2,'2006-07-09'),(133,'ESCALANTE CICARELLI','ARIADNA ABRIL',46793287,2,'2005-09-19'),(134,'FARRAN MEDINA','NARELLA MARTINA',46506631,2,'2005-10-31'),(135,'FLORES ORTUÑO','JULISA DAIANA',47000195,2,'2006-06-02'),(136,'GARAY ROBLES','AILIN INDIRA',47353066,2,'2007-02-26'),(137,'HERRERA','LEANDRO EZEQUIEL',46506696,2,'2005-11-17'),(138,'HERRERA','ZAHIRA IARA',46884662,2,'2006-05-24'),(139,'JUAREZ AGUERO','VIRGINIA',47350519,2,'2006-08-17'),(140,'LEONORI','GONZALO DAVID',47172559,2,'2006-05-02'),(141,'LOPEZ','FRANCO',45693537,2,'2004-08-17'),(142,'LOPEZ','TOMAS IGNACIO',46656261,2,'2005-10-12'),(143,'LOZANO','MANUEL BERNARDO',46311751,2,'2005-12-06'),(144,'OCHOA','ANIL VISHNU',46142382,2,'2005-08-31'),(145,'ORTIZ OMIL','CAMILA',46767479,2,'2006-06-04'),(146,'PERALTA','MALENA',46656331,2,'2005-10-31'),(147,'PIÑERO','MÁXIMO JOAQUÍN',46884612,2,'2006-06-08'),(148,'SIMONDI SECCHI','FÁTIMA',47350843,2,'2006-09-19'),(149,'SUÁREZ MENDEZ','MARÍA SOFÍA',46845588,2,'2005-10-21'),(150,'TEJERO','ANDRES IGNACIO',46450930,2,'2005-07-24'),(151,'VITANZA FRANK','ANTONIO',47351735,2,'2007-03-23'),(152,'ZAPATA','AGUSTINA',46223459,2,'2005-09-19'),(153,'AGUERO','GERALDINE',46509785,2,'2006-02-03'),(154,'ANCE','TOMÁS IGNACIO',46507558,2,'2005-12-06'),(155,'BELÉN AREVALO','SOFIA',46999671,2,'2006-03-15'),(156,'CABRAL','JOAQUIN',47473772,2,'2006-11-30'),(157,'CANO BRITOS','GUADALUPE',46971410,2,'2006-02-09'),(158,'CHARRAS','MIA',47473427,2,'2006-10-09'),(159,'CIMA FERREYRA','IGNACIO',47305955,2,'2006-08-19'),(160,'CORDOBA','LEANDRO',46312132,2,'2006-02-02'),(161,'DAGATTI','SOFÍA ANABEL',46127121,2,'2005-07-08'),(162,'GOMEZ CABRAL','MURIEL AILEN',46768305,2,'2006-02-14'),(163,'GÓMEZ RAMIRES','LOURDES',46889183,2,'2006-02-23'),(164,'GONZÁLEZ','JAZMÍN',46586503,2,'2006-05-11'),(165,'GONZÁLEZ','TOMÁS',45833060,2,'2005-03-02'),(166,'HEREDIA OROZCO','PILAR',46710425,2,'2006-10-04'),(167,'JUAREZ','MARÍA SOL',46845457,2,'2005-12-10'),(168,'LE BIHAN','UMA',46511859,2,'2005-11-14'),(169,'LECLER RECHE','OCTAVIO LEÓN',46721001,2,'2005-07-20'),(170,'LLUBEL','ALDANA JAZMIN',46508700,2,'2006-01-03'),(171,'LOPEZ MENA','MATEO',47351591,2,'2006-11-14'),(172,'MACHADO VIDAL','LUCIANO',46846446,2,'2005-12-05'),(173,'MADERA','MILAGROS BELÉN',46507602,2,'2005-12-19'),(174,'MORENO','EULALIA VIRGINIA',46655798,2,'2006-09-29'),(175,'MOYANO','MIRKO PAULO VALENTIN',46505584,2,'2005-08-05'),(176,'RODRIGUEZ','LOLA',46311686,2,'2005-11-19'),(177,'RODRIGUEZ CANO','VALENTINA',46656190,2,'2006-07-30'),(178,'RUIZ ANARE','VICTORIA',95928619,2,'2005-01-18'),(179,'SANCHEZ','EMILIA',47173279,2,'2006-07-14'),(180,'TESSIO','MARCOS',46971064,2,'2005-12-27'),(181,'VACA','MARTINA ALEJANDRA',46889524,2,'2006-01-09'),(182,'VALDIVIA','ISAAC GABRIEL',81590567,2,'2006-03-23'),(183,'WAKOLBINGER','CATALINA',47248304,2,'2005-12-18'),(184,'ARIAS FONTEÑEZ','GIULIANA SELENE',46035788,2,'2005-07-01'),(185,'BARRERA','MARCELO DARIO',47252249,2,'2006-05-18'),(186,'BELIZAN GUTIERREZ','ABRIL AYLEN',46226529,2,'2005-08-19'),(187,'BEVERINA','FACUNDO JOSE',46655814,2,'2006-10-19'),(188,'BOTTIROLI','BRUNO',46311537,2,'2005-12-14'),(189,'BRUSCO FEDELI','MARÍA AGUSTINA',47351518,2,'2006-10-13'),(190,'CAPDEVILA','DELFINA',46374582,2,'2005-11-09'),(191,'CARCAMO GIL','GABRIELA SHAYEN',46767549,2,'2006-05-04'),(192,'COMBA GUERRA','FACUNDO ELÍAS',46971423,2,'2006-01-31'),(193,'GONZALEZ','TIZIANA BELÉN',46223473,2,'2005-09-21'),(194,'GONZÁLEZ OSTERODE','MARIA PILAR ROSARIO',46126826,2,'2005-08-12'),(195,'GUEVARA','MACARENA VALENTINA',46884949,2,'2006-12-07'),(196,'INGARAMO','JOAQUIN',46373838,2,'2005-08-04'),(197,'JATUF','MORENA',46374204,2,'2005-09-02'),(198,'LUQUE SANTA CRUZ','MARIA PRISCILA',46506815,2,'2005-09-27'),(199,'MAI','MARTINA LUZ',46886246,2,'2007-06-13'),(200,'MANSUTTI','ANNA',47175098,2,'2006-07-03'),(201,'MONTANE','MARIA',46586763,2,'2006-06-30'),(202,'OCANTO','LUZ MAGALÍ',46846333,2,'2005-12-27'),(203,'PERALTA SUÁREZ','VICTORIA MILAGROS',46507592,2,'2005-12-16'),(204,'REBUFFO','THEO NICOLÁS',46311597,2,'2005-12-04'),(205,'REMIGIO PEREZ','DAMARIS',75687007,2,'2005-10-09'),(206,'RODRÍGUEZ','LISANDRO',46767596,2,'2006-08-10'),(207,'RUEDA','SOPHIA VICTORIA',47473924,2,'2006-11-29'),(208,'RUFEIL','MARÍA CANDELARIA',46765619,2,'2006-12-11'),(209,'SAN MARTIN','VALENTINO',46379325,2,'2006-02-15'),(210,'SIRI','JUAN IGNACIO',46507770,2,'2006-01-19'),(211,'SOTO TORRES','TOMÁS',47174681,2,'2006-06-12'),(212,'VACA','MARIANA',46508377,2,'2006-05-18'),(213,'ACOSTA','GONZALO NICOLAS',46886943,2,'2006-04-12'),(214,'ACOSTA NAVARRO','GIULIANO CRISTIAN FRANCISCO',46126840,2,'2005-08-23'),(215,'ALDECOA BENVENUTTO','FRANCINA',46767278,2,'2006-05-05'),(216,'ARIAS MEDINA','CONSTANZA',46885375,2,'2006-01-10'),(217,'BASE','MAITE PILAR',46656404,2,'2005-12-04'),(218,'CARLETTO','TOMÁS',46373810,2,'2005-07-22'),(219,'CAVALLI','CAMILO AGUSTIN',47000103,2,'2006-05-29'),(220,'FINI MINUÉ','BIANCA JULIETA',46846619,2,'2007-01-21'),(221,'FOTINÓS','TEO',46588460,2,'2006-07-20'),(222,'LUNA DELLA MEA','TRIANA EMILIA',46506067,2,'2005-10-07'),(223,'MAMANI YAMUNAQUE','JORGE',46972553,2,'2006-07-29'),(224,'MANTOVANI BRUSA','ROCÍO JAZMÍN',46587981,2,'2006-03-22'),(225,'MAZZUCCHELLI','LUCIA',47303892,2,'2007-06-27'),(226,'MOLINA','FELIPE',47351842,2,'2007-04-12'),(227,'NIETO','AGOSTINA',47475146,2,'2007-06-28'),(228,'OLIVA','GONZALO',46451569,2,'2005-08-17'),(229,'PASCUAL NOVILLO','LUCIANO',47172682,2,'2006-04-24'),(230,'PAZ','ZOE VALENTINA',46452509,2,'2005-11-15'),(231,'PONCE','JUAN LORENZO',46971131,2,'2006-01-23'),(232,'QUINTANA','MARTINA',46886306,2,'2006-09-19'),(233,'RODRIGUEZ MOLINA','CANDELA JAZMIN',46033458,2,'2005-07-04'),(234,'RONDÓN','CAMILA',47175061,2,'2006-06-22'),(235,'STEFANICH','SOL CANDELARIA',46971056,2,'2005-12-29'),(236,'TRAVASINO','GIULIETTA',46451541,2,'2005-08-18'),(237,'VERA OLIVA','CONSTANZA',46767346,2,'2006-05-10'),(238,'VILLAGRA WETZEL','FLORENCIA',47172819,2,'2006-05-16'),(239,'ZACARÍAS','DÉBORA',46127038,2,'2005-10-04');
/*!40000 ALTER TABLE `alumno` ENABLE KEYS */;
UNLOCK TABLES;

--
-- Table structure for table `aniolectivo`
--

DROP TABLE IF EXISTS `aniolectivo`;
/*!40101 SET @saved_cs_client     = @@character_set_client */;
/*!40101 SET character_set_client = utf8 */;
CREATE TABLE `aniolectivo` (
  `id` int(4) NOT NULL AUTO_INCREMENT,
  `nombre` int(4) NOT NULL,
  PRIMARY KEY (`id`)
) ENGINE=InnoDB AUTO_INCREMENT=2 DEFAULT CHARSET=utf8mb4;
/*!40101 SET character_set_client = @saved_cs_client */;

--
-- Dumping data for table `aniolectivo`
--

LOCK TABLES `aniolectivo` WRITE;
/*!40000 ALTER TABLE `aniolectivo` DISABLE KEYS */;
INSERT INTO `aniolectivo` VALUES (1,2019);
/*!40000 ALTER TABLE `aniolectivo` ENABLE KEYS */;
UNLOCK TABLES;

--
-- Table structure for table `area`
--

DROP TABLE IF EXISTS `area`;
/*!40101 SET @saved_cs_client     = @@character_set_client */;
/*!40101 SET character_set_client = utf8 */;
CREATE TABLE `area` (
  `id` int(4) NOT NULL AUTO_INCREMENT,
  `nombre` varchar(50) NOT NULL,
  PRIMARY KEY (`id`)
) ENGINE=InnoDB DEFAULT CHARSET=utf8mb4;
/*!40101 SET character_set_client = @saved_cs_client */;

--
-- Dumping data for table `area`
--

LOCK TABLES `area` WRITE;
/*!40000 ALTER TABLE `area` DISABLE KEYS */;
/*!40000 ALTER TABLE `area` ENABLE KEYS */;
UNLOCK TABLES;

--
-- Table structure for table `areaoptativa`
--

DROP TABLE IF EXISTS `areaoptativa`;
/*!40101 SET @saved_cs_client     = @@character_set_client */;
/*!40101 SET character_set_client = utf8 */;
CREATE TABLE `areaoptativa` (
  `id` int(11) NOT NULL AUTO_INCREMENT,
  `nombre` varchar(200) NOT NULL,
  PRIMARY KEY (`id`)
) ENGINE=InnoDB AUTO_INCREMENT=3 DEFAULT CHARSET=latin1;
/*!40101 SET character_set_client = @saved_cs_client */;

--
-- Dumping data for table `areaoptativa`
--

LOCK TABLES `areaoptativa` WRITE;
/*!40000 ALTER TABLE `areaoptativa` DISABLE KEYS */;
INSERT INTO `areaoptativa` VALUES (1,'Area 1'),(2,'Area 2');
/*!40000 ALTER TABLE `areaoptativa` ENABLE KEYS */;
UNLOCK TABLES;

--
-- Table structure for table `calificacion`
--

DROP TABLE IF EXISTS `calificacion`;
/*!40101 SET @saved_cs_client     = @@character_set_client */;
/*!40101 SET character_set_client = utf8 */;
CREATE TABLE `calificacion` (
  `id` int(4) NOT NULL AUTO_INCREMENT,
  `fecha` date NOT NULL,
  `matricula` int(4) NOT NULL,
  `calificacion` int(4) DEFAULT NULL,
  `estadocalificacion` int(4) NOT NULL,
  PRIMARY KEY (`id`),
  KEY `matricula` (`matricula`),
  KEY `matricula_2` (`matricula`),
  CONSTRAINT `calificacion_ibfk_1` FOREIGN KEY (`matricula`) REFERENCES `matricula` (`id`) ON UPDATE CASCADE
) ENGINE=InnoDB DEFAULT CHARSET=utf8mb4;
/*!40101 SET character_set_client = @saved_cs_client */;

--
-- Dumping data for table `calificacion`
--

LOCK TABLES `calificacion` WRITE;
/*!40000 ALTER TABLE `calificacion` DISABLE KEYS */;
/*!40000 ALTER TABLE `calificacion` ENABLE KEYS */;
UNLOCK TABLES;

--
-- Table structure for table `cargo`
--

DROP TABLE IF EXISTS `cargo`;
/*!40101 SET @saved_cs_client     = @@character_set_client */;
/*!40101 SET character_set_client = utf8 */;
CREATE TABLE `cargo` (
  `id` int(8) NOT NULL,
  `nombre` varchar(100) NOT NULL,
  `horas` int(8) NOT NULL,
  PRIMARY KEY (`id`),
  KEY `id` (`id`)
) ENGINE=InnoDB DEFAULT CHARSET=latin1;
/*!40101 SET character_set_client = @saved_cs_client */;

--
-- Dumping data for table `cargo`
--

LOCK TABLES `cargo` WRITE;
/*!40000 ALTER TABLE `cargo` DISABLE KEYS */;
INSERT INTO `cargo` VALUES (201,'VICE DIRECTOR DE 1° ',25),(202,'REGENTE DE 1° ',25),(203,'JEFE GRAL ENS.PRÁCTICA ',25),(204,'PROFESOR TC ',36),(205,'ASESOR PEDAGÓGICO ',36),(206,'JEFE LABOR. INFORMÁTICA ',25),(207,'ASESOR PSICOPEDAGÓGICO ',18),(208,'DIRECTOR ESCUELA SUPERIOR ',35),(209,'AYUDANTE CLASES PRÁCT.(02) ',12),(210,'VICE DIRECTOR ESCUELA SUPERIOR ',35),(211,'RECTOR DE 1° CATEGORÍA ',25),(212,'AYUDANTE CLASES PRÁCTICAS ',21),(213,'DIRECTOR DE 3° CATEGORÍA ',35),(214,'REGENTE DE ESC.SUPERIOR ',25),(215,'REGENTE DE 1° ESC.SUPERIOR ',35),(216,'SECRET. DE 1° CATEGORÍA ',35),(217,'SECRETARIO ESC.SUPERIOR ',25),(218,'PROF. JEFE TRAB.PRÁCTICOS ',21),(219,'BIBLIOT. LEY 22.416',25),(220,'PROF. JEFE TRAB.PRÁCTICOS ',21),(221,'PROF. CENTRO DEPORTIVO ',17),(222,'MAESTRO AYUD.ENS.PRÁCTICO ',18),(223,'JEFE PRECEPTORES DE 1° ',25),(224,'AYUDANTE TRAB.PRÁCTICOS ',21),(225,'VICE RECTOR ESCUELA ARTES ',25),(226,'BIBLIOT.ENS. SUPERIOR ',25),(227,'PRECEPTORES ',25),(228,'HS. CÁTEDRA TERCIARIO',0),(229,'HS. CÁTEDRA SECUNDARIO',0),(230,'HS. CÁT. INHERENTES A CARGOS ',12),(231,'RECTOR EDUCACIÓN ARTÍSTICA ',12),(232,'JEFE EQUIPO TEC.PEDAGÓGICO ',25),(233,'SECRETARIO 1° CATEGORÍA ',25),(234,'PROSECRETARIO NIVEL SUPERIOR',0),(235,'J.T.P T.C (ESC. COMERCIO) ',15),(236,'PROF. T.P (1) ',30),(237,'PROF. T.P (2) ',24),(238,'PROF. T.P (3) ',18),(239,'PROFESOR T.P (4) ',12),(240,'PROSECRETARIO 1° (ESC.COM.) ',25),(241,'AUXILIAR DOCENTE ',25),(242,'AYUDANTE GAB. PSICOPED. ',10),(301,'DIRECTOR 1° D.E ',45),(302,'VICE DIRECTOR 1° D.E ',45),(303,'REGENTE DE 1° D.E ',45),(304,'SUB REGENTE DE 1° CAT. D.E ',45),(305,'SUB REGENTE DE 1° CATEGORÍA ',27),(306,'SECRETARIO DE 1° CATEG.D.E ',45),(307,'JEFE DPTO D.E ',45),(308,'JEFE GABINETE PSICOPED. D.E ',45),(309,'GABINETISTA D.E ',45),(310,'ASESOR PEDAGÓGICO ',27),(311,'JEFE PRECEPTORES 1° D.E ',45),(312,'JEFE PRECEPTORES 1° ',27),(313,'AYUD. GABINETE PRÁCTICO D.E ',45),(314,'AYUD. GABINETE PRÁCTICO ',15),(315,'BIBLIOTECARIO D.E ',45),(316,'PRECEPTOR D.E ',45),(317,'PRECEPTOR ',27),(318,'HORAS CÁTEDRA SECUNDARIO',0),(319,'HS CÁT. INHERENTES A CARGOS ',12),(320,'DIRECTOR DE DEPARTAMENTO',6);
/*!40000 ALTER TABLE `cargo` ENABLE KEYS */;
UNLOCK TABLES;

--
-- Table structure for table `catedra`
--

DROP TABLE IF EXISTS `catedra`;
/*!40101 SET @saved_cs_client     = @@character_set_client */;
/*!40101 SET character_set_client = utf8 */;
CREATE TABLE `catedra` (
  `id` int(8) NOT NULL AUTO_INCREMENT,
  `actividad` int(8) NOT NULL,
  `division` int(8) DEFAULT NULL,
  PRIMARY KEY (`id`),
  KEY `id` (`id`),
  KEY `materia` (`actividad`),
  KEY `division` (`division`),
  KEY `id_2` (`id`),
  KEY `id_3` (`id`),
  KEY `division_2` (`division`),
  CONSTRAINT `catedra_ibfk_4` FOREIGN KEY (`actividad`) REFERENCES `actividad` (`id`) ON UPDATE CASCADE,
  CONSTRAINT `catedra_ibfk_5` FOREIGN KEY (`division`) REFERENCES `division` (`id`) ON UPDATE CASCADE
) ENGINE=InnoDB AUTO_INCREMENT=826 DEFAULT CHARSET=latin1;
/*!40101 SET character_set_client = @saved_cs_client */;

--
-- Dumping data for table `catedra`
--

LOCK TABLES `catedra` WRITE;
/*!40000 ALTER TABLE `catedra` DISABLE KEYS */;
INSERT INTO `catedra` VALUES (1,1,1),(2,1,2),(4,1,4),(5,1,5),(6,1,6),(7,1,7),(8,1,8),(9,2,1),(10,2,2),(11,2,3),(12,2,4),(13,2,5),(14,2,6),(15,2,7),(16,2,8),(17,3,1),(18,3,2),(19,3,3),(20,3,4),(21,3,5),(22,3,6),(23,3,7),(24,3,8),(25,4,1),(26,4,2),(27,4,3),(28,4,4),(29,4,5),(30,4,6),(31,4,7),(32,4,8),(33,5,1),(34,5,2),(35,5,3),(36,5,4),(37,5,5),(38,5,6),(39,5,7),(40,5,8),(41,6,1),(42,6,2),(43,6,3),(44,6,4),(45,6,5),(46,6,6),(47,6,7),(48,6,8),(49,7,1),(50,7,2),(51,7,3),(52,7,4),(53,7,5),(54,7,6),(55,7,7),(56,7,8),(57,8,1),(58,8,2),(59,8,3),(60,8,4),(61,8,5),(62,8,6),(63,8,7),(64,8,8),(65,9,1),(66,9,2),(67,9,3),(68,9,4),(69,9,5),(70,9,6),(71,9,7),(72,9,8),(73,10,1),(74,10,2),(75,10,3),(76,10,4),(77,10,5),(78,10,6),(79,10,7),(80,10,8),(81,11,1),(82,11,2),(83,11,3),(84,11,4),(85,11,5),(86,11,6),(87,11,7),(88,11,8),(89,12,54),(90,12,54),(91,12,54),(92,12,54),(93,12,54),(94,12,54),(95,12,54),(96,12,54),(97,13,9),(98,13,10),(99,13,11),(100,13,12),(101,13,13),(102,13,14),(103,13,15),(104,13,16),(105,14,9),(106,14,10),(107,14,11),(108,14,12),(109,14,13),(110,14,14),(111,14,15),(112,14,16),(113,15,9),(114,15,10),(115,15,11),(116,15,12),(117,15,13),(118,15,14),(119,15,15),(120,15,16),(121,16,9),(122,16,10),(123,16,11),(124,16,12),(125,16,13),(126,16,14),(127,16,15),(128,16,16),(129,17,9),(130,17,10),(131,17,11),(132,17,12),(133,17,13),(134,17,14),(135,17,15),(136,17,16),(137,18,9),(138,18,10),(139,18,11),(140,18,12),(141,18,13),(142,18,14),(143,18,15),(144,18,16),(145,19,9),(146,19,10),(147,19,11),(148,19,12),(149,19,13),(150,19,14),(151,19,15),(152,19,16),(153,20,9),(154,20,10),(155,20,11),(156,20,12),(157,20,13),(158,20,14),(159,20,15),(160,20,16),(161,21,9),(162,21,10),(163,21,11),(164,21,12),(165,21,13),(166,21,14),(167,21,15),(168,21,16),(169,22,9),(170,22,10),(171,22,11),(172,22,12),(173,22,13),(174,22,14),(175,22,15),(176,22,16),(177,23,9),(178,23,10),(179,23,11),(180,23,12),(181,23,13),(182,23,14),(183,23,15),(184,23,16),(185,24,55),(186,24,55),(187,24,55),(188,24,55),(189,24,55),(190,24,55),(191,24,55),(192,24,55),(193,25,17),(194,25,18),(195,25,19),(196,25,20),(197,25,21),(198,25,22),(199,25,23),(200,25,24),(201,26,17),(202,26,18),(203,26,19),(204,26,20),(205,26,21),(206,26,22),(207,26,23),(208,26,24),(209,27,17),(210,27,18),(211,27,19),(212,27,20),(213,27,21),(214,27,22),(215,27,23),(216,27,24),(217,28,17),(218,28,18),(219,28,19),(220,28,20),(221,28,21),(222,28,22),(223,28,23),(224,28,24),(225,29,17),(226,29,18),(227,29,19),(228,29,20),(229,29,21),(230,29,22),(231,29,23),(232,29,24),(233,30,17),(234,30,18),(235,30,19),(236,30,20),(237,30,21),(238,30,22),(239,30,23),(240,30,24),(241,31,17),(242,31,18),(243,31,19),(244,31,20),(245,31,21),(246,31,22),(247,31,23),(248,31,24),(249,32,17),(250,32,18),(251,32,19),(252,32,20),(253,32,21),(254,32,22),(255,32,23),(256,32,24),(257,33,17),(258,33,18),(259,33,19),(260,33,20),(261,33,21),(262,33,22),(263,33,23),(264,33,24),(265,34,17),(266,34,18),(267,34,19),(268,34,20),(269,34,21),(270,34,22),(271,34,23),(272,34,24),(273,35,17),(274,35,18),(275,35,19),(276,35,20),(277,35,21),(278,35,22),(279,35,23),(280,35,24),(281,36,56),(282,36,56),(283,36,56),(284,36,56),(285,36,56),(286,36,56),(287,36,56),(288,36,56),(289,37,25),(290,37,26),(291,37,27),(292,37,28),(293,37,29),(294,37,30),(295,37,31),(296,37,32),(297,38,25),(298,38,26),(299,38,27),(300,38,28),(301,38,29),(302,38,30),(303,38,31),(304,38,32),(305,39,25),(306,39,26),(307,39,27),(308,39,28),(309,39,29),(310,39,30),(311,39,31),(312,39,32),(313,40,25),(314,40,26),(315,40,27),(316,40,28),(317,40,29),(318,40,30),(319,40,31),(320,40,32),(321,41,25),(322,41,26),(323,41,27),(324,41,28),(325,41,29),(326,41,30),(327,41,31),(328,41,32),(329,42,25),(330,42,26),(331,42,27),(332,42,28),(333,42,29),(334,42,30),(335,42,31),(336,42,32),(337,43,25),(338,43,26),(339,43,27),(340,43,28),(341,43,29),(342,43,30),(343,43,31),(344,43,32),(345,44,25),(346,44,26),(347,44,27),(348,44,28),(349,44,29),(350,44,30),(351,44,31),(352,44,32),(353,45,25),(354,45,26),(355,45,27),(356,45,28),(357,45,29),(358,45,30),(359,45,31),(360,45,32),(361,46,25),(362,46,26),(363,46,27),(364,46,28),(365,46,29),(366,46,30),(367,46,31),(368,46,32),(369,47,25),(370,47,26),(371,47,27),(372,47,28),(373,47,29),(374,47,30),(375,47,31),(376,47,32),(377,48,57),(378,48,57),(379,48,57),(380,48,57),(381,48,57),(382,48,57),(383,48,57),(384,48,57),(385,49,33),(386,49,34),(387,49,35),(388,49,36),(389,49,37),(390,49,38),(391,49,39),(392,49,40),(393,50,33),(394,50,34),(395,50,35),(396,50,36),(397,50,37),(398,50,38),(399,50,39),(400,50,40),(401,51,33),(402,51,34),(403,51,35),(404,51,36),(405,51,37),(406,51,38),(407,51,39),(408,51,40),(409,52,33),(410,52,34),(411,52,35),(412,52,36),(413,52,37),(414,52,38),(415,52,39),(416,52,40),(417,53,33),(418,53,34),(419,53,35),(420,53,36),(421,53,37),(422,53,38),(423,53,39),(424,53,40),(425,54,33),(426,54,34),(427,54,35),(428,54,36),(429,54,37),(430,54,38),(431,54,39),(432,54,40),(433,55,33),(434,55,34),(435,55,35),(436,55,36),(437,55,37),(438,55,38),(439,55,39),(440,55,40),(441,56,33),(442,56,34),(443,56,35),(444,56,36),(445,56,37),(446,56,38),(447,56,39),(448,56,40),(449,57,33),(450,57,34),(451,57,35),(452,57,36),(453,57,37),(454,57,38),(455,57,39),(456,57,40),(457,58,33),(458,58,34),(459,58,35),(460,58,36),(461,58,37),(462,58,38),(463,58,39),(464,58,40),(465,59,33),(466,59,34),(467,59,35),(468,59,36),(469,59,37),(470,59,38),(471,59,39),(472,59,40),(473,60,33),(474,60,34),(475,60,35),(476,60,36),(477,60,37),(478,60,38),(479,60,39),(480,61,40),(481,61,33),(482,61,34),(483,61,35),(484,61,36),(485,61,37),(486,61,38),(487,61,39),(488,60,40),(489,62,33),(490,62,34),(491,62,35),(492,62,36),(493,62,37),(494,62,38),(495,62,39),(496,62,40),(497,63,58),(498,63,58),(499,63,58),(500,63,58),(501,63,58),(502,63,58),(503,63,58),(504,63,58),(505,64,41),(506,64,42),(507,64,43),(508,64,44),(509,64,45),(510,64,46),(511,64,47),(512,65,41),(513,65,42),(514,65,43),(515,65,44),(516,65,45),(517,65,46),(518,65,47),(519,66,41),(520,66,42),(521,66,43),(522,66,44),(523,66,45),(524,66,46),(525,66,47),(526,67,41),(527,67,42),(528,67,43),(529,67,44),(530,67,45),(531,67,46),(532,67,47),(533,68,41),(534,68,42),(535,68,43),(536,68,44),(537,68,45),(538,68,46),(539,68,47),(540,69,41),(541,69,42),(542,69,43),(543,69,44),(544,69,45),(545,69,46),(546,69,47),(547,70,41),(548,70,42),(549,70,43),(550,70,44),(551,70,45),(552,70,46),(553,70,47),(554,71,41),(555,71,42),(556,71,43),(557,71,44),(558,71,45),(559,71,46),(560,71,47),(561,72,41),(562,72,42),(563,72,43),(564,72,44),(565,72,45),(566,72,46),(567,72,47),(568,73,41),(569,73,42),(570,73,43),(571,73,44),(572,73,45),(573,73,46),(574,73,47),(575,74,41),(576,74,42),(577,74,43),(578,74,44),(579,74,45),(580,74,46),(581,74,47),(582,75,41),(583,75,42),(584,75,43),(585,75,44),(586,75,45),(587,75,46),(588,75,47),(589,76,41),(590,76,42),(591,76,43),(592,76,44),(593,76,45),(594,76,46),(595,76,47),(596,77,41),(597,77,42),(598,77,43),(599,77,44),(600,77,45),(601,77,46),(602,77,47),(603,78,59),(604,78,59),(605,78,59),(606,78,59),(607,78,59),(608,78,59),(609,78,59),(610,79,48),(611,79,49),(612,79,50),(613,79,51),(614,79,52),(615,79,53),(616,80,48),(617,80,49),(618,80,50),(619,80,51),(620,80,52),(621,80,53),(622,81,48),(623,81,49),(624,81,50),(625,81,51),(626,81,52),(627,81,53),(628,82,48),(629,82,49),(630,82,50),(631,82,51),(632,82,52),(633,82,53),(634,83,48),(635,83,49),(636,83,50),(637,83,51),(638,83,52),(639,83,53),(640,84,48),(641,84,49),(642,84,50),(643,84,51),(644,84,52),(645,84,53),(646,85,48),(647,85,49),(648,85,50),(649,85,51),(650,85,52),(651,85,53),(652,86,48),(653,86,49),(654,86,50),(655,86,51),(656,86,52),(657,86,53),(658,87,48),(659,87,49),(660,87,50),(661,87,51),(662,87,52),(663,87,53),(664,88,48),(665,88,49),(666,88,50),(667,88,51),(668,88,52),(669,88,53),(670,89,48),(671,89,49),(672,89,50),(673,89,51),(674,89,52),(675,89,53),(676,90,48),(677,90,49),(678,90,50),(679,90,51),(680,90,52),(681,90,53),(682,91,48),(683,91,49),(684,91,50),(685,91,51),(686,91,52),(687,91,53),(688,92,60),(689,92,60),(690,92,60),(691,92,60),(692,92,60),(693,92,60),(694,93,48),(695,93,49),(696,93,50),(697,93,51),(698,93,52),(699,93,53),(700,1,3),(701,132,74),(702,124,69),(703,95,69),(704,116,71),(705,95,68),(706,101,72),(707,116,72),(708,131,71),(709,131,72),(710,134,74),(711,130,71),(712,124,68),(713,122,69),(714,104,74),(715,100,71),(716,97,68),(717,98,68),(718,106,75),(719,115,72),(720,110,69),(721,102,71),(722,95,70),(723,112,68),(724,118,71),(725,118,72),(726,94,69),(727,103,72),(728,97,69),(729,128,71),(730,135,74),(731,113,69),(732,109,74),(733,109,75),(734,125,69),(735,98,69),(736,98,70),(737,129,72),(738,112,69),(739,94,68),(740,94,70),(741,102,72),(742,111,68),(743,111,69),(744,96,69),(745,97,70),(746,100,72),(747,103,71),(748,96,68),(749,96,70),(750,117,72),(751,117,71),(752,117,74),(753,126,72),(754,130,72),(755,99,68),(756,99,70),(757,125,68),(758,126,71),(759,104,75),(760,123,69),(761,127,72),(762,113,68),(763,123,68),(764,127,71),(765,133,74),(766,99,69),(767,122,68),(768,115,71),(769,105,74),(770,105,75),(771,106,74),(772,95,71),(773,128,72),(774,114,68),(775,114,69),(776,109,69),(777,110,68),(778,107,74),(779,107,75),(780,120,74),(781,121,74),(782,129,71),(783,108,74),(784,108,75),(785,92,60),(786,136,61),(787,137,61),(788,137,61),(789,139,61),(790,138,61),(791,136,61),(792,140,61),(793,141,61),(794,144,61),(795,143,61),(796,142,61),(797,156,66),(798,149,61),(799,150,61),(800,152,61),(801,153,61),(802,154,61),(803,148,61),(804,155,61),(805,145,61),(806,151,61),(807,145,61),(808,155,61),(809,147,61),(810,148,61),(811,12,1),(812,5,63),(813,10,63),(814,162,66),(815,163,66),(816,88,66),(817,161,66),(818,157,66),(819,165,61),(820,164,66),(821,166,61),(822,158,66),(823,167,61),(824,60,53),(825,160,66);
/*!40000 ALTER TABLE `catedra` ENABLE KEYS */;
UNLOCK TABLES;

--
-- Table structure for table `clase`
--

DROP TABLE IF EXISTS `clase`;
/*!40101 SET @saved_cs_client     = @@character_set_client */;
/*!40101 SET character_set_client = utf8 */;
CREATE TABLE `clase` (
  `id` int(4) NOT NULL AUTO_INCREMENT,
  `fecha` date DEFAULT NULL,
  `tema` varchar(200) DEFAULT NULL,
  `tipoclase` int(4) NOT NULL,
  `comision` int(4) NOT NULL,
  `horascatedra` float DEFAULT NULL,
  `hora` time DEFAULT NULL,
  `fechaconf` tinyint(1) NOT NULL DEFAULT '1',
  PRIMARY KEY (`id`),
  KEY `comision` (`comision`),
  KEY `tipoclase` (`tipoclase`),
  CONSTRAINT `clase_ibfk_1` FOREIGN KEY (`comision`) REFERENCES `comision` (`id`) ON UPDATE CASCADE,
  CONSTRAINT `clase_ibfk_2` FOREIGN KEY (`tipoclase`) REFERENCES `tipoclase` (`id`) ON UPDATE CASCADE
) ENGINE=InnoDB AUTO_INCREMENT=2 DEFAULT CHARSET=utf8mb4;
/*!40101 SET character_set_client = @saved_cs_client */;

--
-- Dumping data for table `clase`
--

LOCK TABLES `clase` WRITE;
/*!40000 ALTER TABLE `clase` DISABLE KEYS */;
INSERT INTO `clase` VALUES (1,'2019-06-08','',1,1,7.5,'11:00:00',1);
/*!40000 ALTER TABLE `clase` ENABLE KEYS */;
UNLOCK TABLES;

--
-- Table structure for table `comision`
--

DROP TABLE IF EXISTS `comision`;
/*!40101 SET @saved_cs_client     = @@character_set_client */;
/*!40101 SET character_set_client = utf8 */;
CREATE TABLE `comision` (
  `id` int(4) NOT NULL AUTO_INCREMENT,
  `nombre` varchar(20) NOT NULL,
  `optativa` int(4) NOT NULL,
  `cupo` int(4) DEFAULT NULL,
  PRIMARY KEY (`id`),
  KEY `optativa` (`optativa`),
  KEY `optativa_2` (`optativa`),
  CONSTRAINT `comision_ibfk_1` FOREIGN KEY (`optativa`) REFERENCES `optativa` (`id`) ON UPDATE CASCADE
) ENGINE=InnoDB AUTO_INCREMENT=2 DEFAULT CHARSET=utf8mb4;
/*!40101 SET character_set_client = @saved_cs_client */;

--
-- Dumping data for table `comision`
--

LOCK TABLES `comision` WRITE;
/*!40000 ALTER TABLE `comision` DISABLE KEYS */;
INSERT INTO `comision` VALUES (1,'2019',1,30);
/*!40000 ALTER TABLE `comision` ENABLE KEYS */;
UNLOCK TABLES;

--
-- Table structure for table `condicion`
--

DROP TABLE IF EXISTS `condicion`;
/*!40101 SET @saved_cs_client     = @@character_set_client */;
/*!40101 SET character_set_client = utf8 */;
CREATE TABLE `condicion` (
  `id` int(8) NOT NULL AUTO_INCREMENT,
  `nombre` varchar(50) NOT NULL,
  PRIMARY KEY (`id`),
  KEY `id` (`id`)
) ENGINE=InnoDB AUTO_INCREMENT=6 DEFAULT CHARSET=latin1;
/*!40101 SET character_set_client = @saved_cs_client */;

--
-- Dumping data for table `condicion`
--

LOCK TABLES `condicion` WRITE;
/*!40000 ALTER TABLE `condicion` DISABLE KEYS */;
INSERT INTO `condicion` VALUES (1,'CONC'),(2,'TISV'),(3,'TICV'),(4,'INTE'),(5,'SUPL');
/*!40000 ALTER TABLE `condicion` ENABLE KEYS */;
UNLOCK TABLES;

--
-- Table structure for table `detallecatedra`
--

DROP TABLE IF EXISTS `detallecatedra`;
/*!40101 SET @saved_cs_client     = @@character_set_client */;
/*!40101 SET character_set_client = utf8 */;
CREATE TABLE `detallecatedra` (
  `id` int(8) NOT NULL AUTO_INCREMENT,
  `docente` int(8) NOT NULL,
  `catedra` int(8) NOT NULL,
  `condicion` int(8) NOT NULL,
  `revista` int(8) NOT NULL,
  `hora` int(8) NOT NULL,
  `resolucion` varchar(200) DEFAULT NULL,
  `fechaInicio` date DEFAULT NULL,
  `fechaFin` date DEFAULT NULL,
  `activo` int(8) NOT NULL DEFAULT '1',
  PRIMARY KEY (`id`),
  KEY `docente` (`docente`),
  KEY `catedra` (`catedra`),
  KEY `condicion` (`condicion`),
  KEY `revista` (`revista`),
  KEY `resolucion` (`resolucion`),
  CONSTRAINT `detallecatedra_ibfk_10` FOREIGN KEY (`revista`) REFERENCES `revista` (`id`) ON UPDATE CASCADE,
  CONSTRAINT `detallecatedra_ibfk_7` FOREIGN KEY (`docente`) REFERENCES `docente` (`id`) ON UPDATE CASCADE,
  CONSTRAINT `detallecatedra_ibfk_8` FOREIGN KEY (`catedra`) REFERENCES `catedra` (`id`) ON UPDATE CASCADE,
  CONSTRAINT `detallecatedra_ibfk_9` FOREIGN KEY (`condicion`) REFERENCES `condicion` (`id`) ON UPDATE CASCADE
) ENGINE=InnoDB AUTO_INCREMENT=1119 DEFAULT CHARSET=latin1;
/*!40101 SET character_set_client = @saved_cs_client */;

--
-- Dumping data for table `detallecatedra`
--

LOCK TABLES `detallecatedra` WRITE;
/*!40000 ALTER TABLE `detallecatedra` DISABLE KEYS */;
INSERT INTO `detallecatedra` VALUES (2,192,9,4,1,4,'42-2019','2019-03-01','2019-03-31',1),(3,26,65,4,1,3,'',NULL,NULL,2),(4,218,73,4,1,4,'',NULL,NULL,2),(5,65,81,4,1,2,'42-2019','2019-03-01','2019-03-31',1),(6,46,57,4,3,3,'17-2019','2019-03-01','2019-03-15',1),(7,79,57,5,1,2,'17-2019','2019-03-01','2019-03-15',2),(8,175,49,4,1,3,'42-2019','2019-03-01','2019-03-31',1),(9,22,25,2,1,3,'',NULL,NULL,1),(10,71,25,5,3,3,'',NULL,NULL,2),(11,244,25,5,1,3,'',NULL,NULL,2),(12,104,33,3,1,3,'',NULL,NULL,1),(15,75,17,3,1,3,'',NULL,NULL,1),(16,69,17,5,1,3,'40-2019','2019-03-01','2019-02-28',2),(17,83,1,4,1,5,'42-2019','2019-03-01','2019-03-31',1),(18,63,41,3,1,4,'',NULL,NULL,1),(19,56,66,4,1,3,'42-2019','2019-03-01','2019-03-31',1),(20,131,74,4,1,4,'42-2019','2019-03-01','2019-03-31',1),(21,55,82,3,1,2,'',NULL,NULL,1),(22,46,58,4,3,3,'17-2019','2019-03-01','2019-03-15',1),(23,79,58,5,1,2,'17-2019','2019-03-01','2019-03-15',2),(24,163,58,5,1,1,'74-2019','2019-03-16','2019-04-29',1),(25,12,50,4,1,3,'42-2019','2019-03-01','2019-03-31',1),(26,71,26,3,3,3,'',NULL,NULL,1),(27,211,26,5,1,3,'',NULL,NULL,1),(28,104,34,3,1,3,'',NULL,NULL,1),(29,158,18,1,2,3,'',NULL,NULL,1),(30,221,10,4,1,4,'42-2019','2019-03-01','2019-03-31',1),(31,202,2,4,1,5,'42-2019','2019-03-01','2019-03-31',1),(32,213,42,4,1,4,'42-2019','2019-03-01','2019-03-31',1),(33,29,67,4,3,3,'',NULL,NULL,1),(34,47,67,5,1,3,'55-2019','2019-03-01','2019-04-27',1),(35,93,75,4,1,4,'',NULL,NULL,1),(37,162,83,4,1,3,'42-2019','2019-03-01','2019-03-31',1),(38,49,59,2,1,2,'',NULL,NULL,1),(39,165,51,4,1,3,'42-2019','2019-03-01','2019-03-31',1),(40,124,27,4,4,3,'42-2019 Plan 2018','2019-03-01','2019-03-31',1),(41,157,35,3,1,2,'',NULL,NULL,1),(42,20,19,3,3,3,'',NULL,NULL,1),(43,295,19,5,1,3,'68-2019','2019-03-01','2019-03-31',1),(44,240,11,4,1,4,'42-2019 Plan 2018','2019-03-01','2019-03-31',1),(45,181,700,4,2,5,'42-2019','2019-03-01','2019-03-31',1),(46,225,700,5,1,5,'54-2019','2019-03-13','2019-04-30',1),(47,38,43,3,1,4,'',NULL,NULL,1),(48,47,68,4,1,3,'',NULL,NULL,1),(49,131,76,4,1,4,'42-2019','2019-03-01','2019-03-31',1),(50,94,84,4,1,3,'42-2019','2019-03-01','2019-03-31',1),(51,46,60,4,3,3,'17-2019','2019-03-01','2019-03-15',1),(52,79,60,5,1,3,'17-2019','2019-03-01','2019-03-15',2),(53,12,52,3,1,2,'',NULL,NULL,1),(54,211,28,4,1,3,'42-2019','2019-03-01','2019-03-31',1),(55,157,36,3,1,2,'',NULL,NULL,1),(56,142,20,3,1,3,'',NULL,NULL,1),(57,159,12,1,1,4,'',NULL,NULL,1),(58,190,4,4,1,5,'42-2019','2019-03-01','2019-03-31',1),(59,220,44,4,3,4,'42-2019','2019-03-01','2019-03-31',1),(60,265,44,5,1,4,'',NULL,NULL,1),(61,26,69,4,1,3,'',NULL,NULL,1),(62,52,77,4,1,4,'',NULL,NULL,1),(63,74,85,4,1,3,'42-2019','2019-03-01','2019-03-31',1),(64,49,61,2,1,2,'',NULL,NULL,1),(65,10,53,3,3,2,'',NULL,NULL,1),(66,266,53,4,1,1,'42-2019 Plan 2018','2019-03-01','2019-03-31',1),(67,266,53,5,1,2,'55-2019','2019-02-19','2019-04-18',1),(68,244,29,4,1,3,'42-2019','2019-03-01','2019-03-31',1),(69,205,37,4,1,3,'42-2019','2019-03-01','2019-03-31',1),(70,75,21,3,1,3,'',NULL,NULL,1),(71,159,13,3,1,4,'',NULL,NULL,1),(73,224,5,4,1,5,'72-2019','2019-03-01','2019-04-30',1),(74,265,45,4,1,4,'42-2019 Plan 2018','2019-03-01','2019-03-31',1),(75,26,70,4,1,3,'',NULL,NULL,1),(76,102,78,4,1,4,'42-2019','2019-03-01','2019-03-31',1),(77,290,78,5,1,4,'',NULL,NULL,2),(78,65,86,4,1,2,'',NULL,NULL,1),(79,65,86,3,1,1,'',NULL,NULL,1),(81,49,62,2,1,2,'',NULL,NULL,1),(82,49,62,4,1,1,'',NULL,NULL,1),(83,98,54,3,3,2,'','2019-03-01','2019-04-30',1),(84,264,54,5,1,2,'32-2019','2019-03-01','2019-04-30',1),(85,211,30,1,1,3,'',NULL,NULL,1),(86,205,38,4,1,3,'42-2019','2019-03-01','2019-03-31',2),(87,142,22,3,1,3,'',NULL,NULL,1),(88,159,14,1,1,4,'',NULL,NULL,1),(89,190,6,3,1,5,'',NULL,NULL,1),(91,10,46,3,3,4,'',NULL,NULL,1),(92,288,46,5,1,4,'57-2019','2019-02-19','2019-04-18',1),(93,61,71,4,2,3,'42-2019','2019-03-01','2019-03-31',1),(94,84,71,5,1,3,'',NULL,NULL,2),(95,52,79,4,1,4,'',NULL,NULL,1),(96,134,87,4,1,3,'42-2019','2019-03-01','2019-03-31',1),(97,46,63,4,3,3,'17-2019','2019-03-01','2019-03-15',1),(98,79,63,5,1,3,'17-2019','2019-03-01','2019-03-15',2),(99,10,55,3,3,2,'',NULL,NULL,1),(100,264,55,5,1,2,'57-2019','2019-02-19','2019-04-18',1),(101,22,31,4,1,3,'',NULL,NULL,1),(102,157,39,3,1,2,'',NULL,'2019-03-01',2),(103,157,39,4,1,1,'42-2019','2019-03-01','2019-03-01',2),(104,158,23,3,1,3,'',NULL,NULL,1),(105,192,15,4,1,4,'42-2019','2019-03-01','2019-03-31',1),(106,190,7,3,1,5,'',NULL,NULL,1),(107,38,47,3,1,4,'',NULL,NULL,1),(108,72,72,4,2,3,'42-2019','2019-03-01','2019-03-31',1),(109,84,72,5,1,3,'31-2019','2019-03-01','2019-04-30',1),(110,290,80,4,1,4,'42-2019 Plan 2018','2019-03-01','2019-03-31',1),(111,74,88,4,1,3,'42-2019','2019-03-01','2019-03-31',1),(112,49,64,3,1,2,'',NULL,NULL,1),(113,49,64,4,1,1,'',NULL,NULL,1),(114,165,56,4,1,3,'42-2019','2019-03-01','2019-03-31',1),(115,22,32,4,1,3,'',NULL,NULL,1),(116,157,40,3,1,2,'',NULL,'2019-03-01',2),(117,157,40,4,1,1,'42-2019','2019-03-01','2019-03-01',2),(118,20,24,3,3,3,'',NULL,NULL,1),(119,69,24,5,4,3,'68-2019','2019-03-01','2019-03-31',1),(120,159,16,1,1,4,'',NULL,NULL,1),(121,190,8,3,1,5,'',NULL,NULL,1),(122,220,48,4,3,4,'42-2019','2019-03-01','2019-03-31',1),(123,302,48,5,1,4,'',NULL,NULL,1),(125,55,82,4,1,1,'',NULL,NULL,1),(126,163,57,5,1,1,'17-84-2019','2019-03-01','2019-04-29',1),(127,49,59,4,1,1,'',NULL,NULL,1),(128,49,61,4,1,1,'',NULL,NULL,1),(129,157,35,4,1,1,'42-2019','2019-03-01','2019-03-31',1),(130,12,52,4,1,1,'42-2019','2019-03-01','2019-03-31',1),(131,65,81,3,1,1,'',NULL,NULL,1),(132,226,92,4,1,1,'42-2019 Plan 2018','2019-03-01','2019-03-31',1),(133,176,94,4,1,1,'42-2019','2019-03-01','2019-03-31',1),(134,45,96,4,1,3,'',NULL,NULL,1),(135,7,89,2,1,3,'',NULL,NULL,1),(136,7,91,2,1,3,'',NULL,NULL,1),(137,111,93,4,1,1,'42-2019','2019-03-01','2019-03-31',1),(138,86,95,3,1,2,'',NULL,NULL,1),(139,86,95,4,1,1,'42-2019','2019-03-01','2019-03-31',1),(140,96,90,4,1,3,'',NULL,NULL,1),(141,73,273,3,2,5,'43-2019','2019-03-01','2019-04-30',1),(142,213,273,5,1,5,'43-2019','2019-03-01','2019-04-30',1),(143,311,169,3,1,3,'',NULL,NULL,1),(144,164,121,4,1,2,'77-2019','2019-03-01','2019-03-31',1),(145,71,129,3,3,3,'',NULL,NULL,1),(146,244,129,5,1,3,'','0000-00-00','0000-00-00',1),(147,157,137,3,1,4,'',NULL,NULL,1),(148,75,113,1,2,3,'',NULL,NULL,1),(149,69,113,5,4,3,'40-2019','2019-03-01','2019-04-30',1),(150,159,105,1,1,5,'',NULL,NULL,1),(151,181,97,4,2,5,'44-2019','2019-03-01','2019-03-31',1),(152,200,97,5,1,5,'54-2019','2019-03-13','2019-04-30',1),(153,38,145,3,1,4,'',NULL,NULL,1),(154,46,161,4,3,2,'77-2019','2019-03-01','2019-03-31',1),(155,79,161,5,1,2,'',NULL,NULL,2),(156,12,153,3,1,2,'',NULL,NULL,1),(157,218,177,4,1,2,'',NULL,NULL,1),(158,311,170,3,1,3,'',NULL,NULL,1),(159,164,122,4,1,2,'77-2019','2019-03-01','2019-03-31',1),(160,71,130,2,3,3,'',NULL,NULL,1),(161,148,138,1,1,4,'',NULL,NULL,1),(162,158,114,4,2,3,'',NULL,NULL,1),(163,214,114,5,1,3,'64-2019','2019-03-01','2019-03-31',1),(164,50,106,3,1,4,'49-2019','2019-03-01','2019-04-30',1),(165,181,98,1,2,5,'',NULL,NULL,1),(166,233,98,5,1,5,'54-2019','2019-03-13','2019-04-30',1),(167,73,146,3,1,4,'',NULL,NULL,1),(168,49,162,2,1,2,'',NULL,NULL,1),(169,12,154,3,1,2,'',NULL,NULL,1),(170,102,178,4,1,2,'',NULL,NULL,1),(171,290,178,5,1,2,'123-160-223-262-368-429-552','0000-00-00','0002-12-02',2),(172,109,171,1,2,3,'',NULL,NULL,1),(173,162,123,4,1,2,'77-2019','2019-03-01','2019-03-31',1),(174,148,139,1,1,4,'',NULL,NULL,1),(175,158,115,1,2,3,'',NULL,NULL,1),(176,214,115,5,1,3,'64-2019','2019-03-01','2019-03-31',1),(177,253,107,4,3,4,'44-2019','2019-03-01','2019-03-31',1),(178,202,99,4,1,5,'44-2019','2019-03-01','2019-03-31',1),(179,71,131,2,3,3,'',NULL,NULL,1),(180,73,147,1,1,4,'',NULL,NULL,1),(181,49,163,4,1,2,'77-2019','2019-03-01','2019-03-31',1),(182,12,155,3,1,2,'',NULL,NULL,1),(183,93,179,3,1,2,'',NULL,NULL,1),(184,109,172,1,2,3,'',NULL,NULL,1),(185,65,124,3,1,2,'',NULL,NULL,1),(186,22,132,2,1,3,'',NULL,NULL,1),(187,244,132,5,1,3,'15-16-152-274-293-370-435-565',NULL,'0002-12-02',2),(188,156,140,4,3,3,'44-2019 ','2019-03-01','2019-03-31',1),(189,114,140,5,1,3,'53-2019','2019-03-01','2019-04-06',1),(190,75,116,1,1,3,'',NULL,NULL,1),(191,159,108,1,1,5,'',NULL,NULL,1),(192,202,100,4,1,5,'44-2019','2019-03-01','2019-03-31',1),(193,39,148,1,2,4,'',NULL,NULL,1),(194,185,148,5,1,4,'65-2019','2019-03-01','2019-04-30',1),(195,46,164,4,3,2,'77-2019','2019-03-01','2019-03-31',1),(196,79,164,5,1,2,'',NULL,NULL,2),(197,165,156,4,1,2,'77-2019','2019-03-01','2019-03-31',1),(198,218,180,4,1,2,'',NULL,NULL,1),(199,109,173,1,2,3,'',NULL,NULL,1),(200,179,125,4,1,2,'77-2019','2019-03-01','2019-03-31',1),(201,244,133,4,1,3,'44-2019','2019-03-01','2019-03-31',1),(202,147,141,1,2,3,'48-2019','2019-03-01','2019-03-31',1),(205,75,117,1,1,3,'',NULL,NULL,1),(206,198,109,4,1,4,'44-2019','2019-03-01','2019-03-31',1),(207,181,101,1,1,5,'',NULL,NULL,1),(208,138,149,1,1,4,'',NULL,NULL,1),(209,49,165,2,1,2,'',NULL,NULL,1),(210,63,157,3,1,2,'',NULL,NULL,1),(211,131,181,4,2,2,'',NULL,NULL,1),(212,93,181,5,1,2,'114-275-320-446-573-587-588',NULL,'0000-00-00',1),(213,109,174,1,2,3,'',NULL,NULL,1),(214,49,126,4,1,2,'77-2019','2019-03-01','2019-03-31',1),(215,22,134,4,1,3,'44-2019','2019-03-01','2019-03-31',1),(216,147,142,1,1,4,'',NULL,NULL,1),(217,158,118,1,2,3,'',NULL,NULL,1),(218,291,118,5,1,3,'64-2019','2019-03-01','2019-03-31',1),(219,229,110,4,1,4,'44-2019','2019-03-01','2019-03-31',1),(220,191,102,4,1,5,'44-2019','2019-03-01','2019-03-31',1),(221,39,150,1,1,4,'',NULL,NULL,1),(222,49,166,2,1,2,'',NULL,NULL,1),(223,10,158,3,3,2,'',NULL,NULL,1),(224,256,158,5,1,2,'56-2019','2019-02-19','2019-04-18',1),(225,52,182,4,1,2,'',NULL,'2019-02-28',2),(226,109,175,4,2,3,'77-2019','2019-03-01','2019-03-31',1),(227,155,127,4,1,2,'77-2019','2019-03-01','2019-03-31',1),(228,124,135,3,4,3,'',NULL,NULL,1),(229,75,119,1,1,3,'',NULL,NULL,1),(230,298,111,4,1,4,'44-2019','2019-03-01','2019-03-31',1),(231,216,103,4,1,5,'44-2019','2019-03-01','2019-03-31',1),(232,137,151,4,1,4,'44-2019','2019-03-01','2019-03-31',1),(233,49,167,2,1,2,'',NULL,NULL,1),(234,63,159,3,1,2,'78-2019','2019-03-13','2019-03-31',1),(235,102,183,4,2,2,'',NULL,'2019-02-28',2),(236,52,183,5,1,2,'331-332-333-411-52',NULL,'2019-02-28',2),(237,61,176,4,1,3,'77-2019','2019-03-01','2019-03-31',1),(238,134,128,4,1,2,'77-2019','2019-03-01','2019-03-31',1),(239,211,136,1,1,3,'',NULL,NULL,1),(240,97,144,3,2,4,'',NULL,NULL,2),(241,273,144,4,1,4,'',NULL,'0002-12-02',1),(242,20,120,3,3,3,'',NULL,NULL,1),(243,291,120,5,1,3,'68-2019','2019-03-01','2019-03-31',1),(244,240,112,4,1,4,'44-2019','2019-03-01','2019-03-31',1),(245,181,104,1,1,5,'',NULL,NULL,1),(246,220,152,1,3,4,'',NULL,NULL,1),(247,64,152,5,1,4,'484-503',NULL,'0000-00-00',1),(248,49,168,2,1,2,'',NULL,NULL,1),(249,266,160,4,1,2,'77-2019','2019-03-01','2019-03-31',1),(250,93,184,3,1,2,'',NULL,NULL,1),(251,311,265,3,1,3,'',NULL,NULL,1),(252,148,217,4,1,2,'44-2019','2019-03-01','2019-03-31',1),(253,71,225,2,3,3,'',NULL,NULL,1),(254,244,225,5,1,3,'',NULL,NULL,1),(255,12,241,3,1,2,'',NULL,NULL,1),(256,156,233,4,3,4,'44-2019','2019-03-01','2019-03-31',1),(257,157,233,5,1,4,'53-2019','2019-03-01','2019-04-06',1),(258,142,209,3,1,3,'',NULL,NULL,1),(259,50,201,3,1,4,'',NULL,NULL,1),(260,49,257,2,1,2,'',NULL,NULL,1),(261,200,193,4,1,5,'44-2019','2019-03-01','2019-03-31',1),(262,12,249,2,1,2,'',NULL,NULL,1),(263,109,266,3,1,3,'',NULL,NULL,1),(264,49,218,4,1,2,'',NULL,NULL,1),(265,71,226,2,3,3,'',NULL,NULL,1),(266,12,242,3,1,2,'',NULL,NULL,1),(267,97,234,1,1,4,'',NULL,NULL,1),(268,2,234,5,1,4,'',NULL,NULL,2),(269,20,210,3,3,3,'',NULL,NULL,1),(270,295,210,5,1,3,'68-2019','2019-03-01','2019-03-31',1),(271,221,202,4,1,4,'44-2019','2019-03-01','2019-03-31',1),(272,191,194,4,1,5,'44-2019','2019-03-01','2019-03-31',1),(273,220,274,1,3,5,'',NULL,NULL,1),(274,228,274,5,1,5,'',NULL,NULL,1),(275,49,258,2,1,2,'',NULL,NULL,1),(276,165,250,4,1,2,'44-2019','2019-03-01','2019-03-31',1),(277,312,130,5,1,3,'477-528','0000-00-00','0000-00-00',1),(278,312,131,5,1,3,'477-528','0000-00-00','0000-00-00',1),(279,143,141,5,1,3,'48-2019','2019-03-01','2019-04-30',1),(280,132,143,3,1,4,'',NULL,'0000-00-00',1),(281,47,267,4,1,3,'77-2019','2019-03-01','2019-03-31',1),(282,162,219,4,1,2,'44-2019','2019-03-01','2019-03-31',1),(283,124,227,4,4,3,'44-2019','2019-03-01','2019-03-31',1),(284,12,243,3,1,2,'',NULL,NULL,1),(285,97,235,1,1,4,'',NULL,NULL,1),(286,2,235,5,1,4,'',NULL,NULL,2),(287,75,211,3,1,3,'',NULL,NULL,1),(288,160,203,3,1,4,'',NULL,NULL,1),(290,191,195,4,1,5,'44-2019','2019-03-01','2019-03-31',1),(291,10,275,3,3,5,'',NULL,NULL,1),(292,137,275,5,1,5,'57-2019','2019-02-19','2019-04-18',1),(293,49,259,4,1,2,'77-2019','2019-03-01','2019-03-31',1),(294,12,251,3,1,2,'',NULL,NULL,1),(295,312,226,5,1,3,'',NULL,NULL,1),(296,109,268,3,1,3,'',NULL,NULL,1),(297,65,220,3,1,2,'',NULL,NULL,1),(298,124,228,3,4,3,'',NULL,NULL,1),(299,12,244,2,1,2,'',NULL,NULL,1),(300,156,236,3,3,4,'',NULL,NULL,1),(301,157,236,5,1,4,'20-2019','2019-02-11','2019-02-28',1),(302,142,212,3,1,3,'',NULL,NULL,1),(303,50,204,3,1,4,'',NULL,NULL,1),(304,223,196,4,1,5,'44-2019','2019-03-01','2019-03-31',1),(305,191,196,5,1,5,'14-2019','2019-03-01','2019-03-15',2),(306,39,276,3,2,5,'',NULL,NULL,1),(307,28,276,5,1,5,'65-2019','2019-03-01','2019-04-30',1),(308,79,260,4,1,2,'44-2019','2019-03-01','2019-03-31',1),(309,81,252,4,1,2,'44-2019','2019-03-01','2019-03-01',1),(310,109,269,3,1,3,'',NULL,NULL,1),(311,134,221,4,1,2,'44-2019','2019-03-01','2019-03-31',1),(312,22,229,4,1,3,'44-2019','2019-03-01','2019-03-31',1),(313,81,245,4,1,2,'44-2019','2019-03-01','2019-03-31',1),(314,97,237,1,1,4,'',NULL,NULL,1),(315,65,237,5,1,4,'',NULL,NULL,2),(316,158,213,1,2,3,'',NULL,NULL,1),(317,291,213,5,1,3,'64-2019','2019-03-01','2019-03-31',1),(318,17,205,2,2,4,'44-2019','2019-03-01','2019-03-31',1),(319,160,205,5,1,4,'87-2019','2019-03-01','2019-03-31',1),(320,216,197,4,1,5,'44-2019','2019-03-01','2019-03-31',1),(321,137,277,4,1,5,'44-2019','2019-03-01','2019-03-31',1),(322,79,261,4,1,2,'44-2019','2019-03-01','2019-03-31',1),(323,10,253,3,3,2,'',NULL,NULL,1),(324,12,253,5,1,2,'57-2019','2019-02-19','2019-04-18',1),(325,109,270,3,1,3,'',NULL,NULL,1),(326,60,222,3,1,2,'',NULL,NULL,1),(327,211,230,1,1,3,'',NULL,NULL,1),(328,63,246,3,1,2,'',NULL,NULL,1),(329,97,238,3,1,4,'',NULL,NULL,1),(330,148,238,5,1,4,'',NULL,NULL,2),(331,158,214,1,2,3,'',NULL,NULL,1),(332,291,214,5,1,3,'64-2019','2019-03-01','2019-03-31',1),(333,17,206,2,2,4,'',NULL,NULL,1),(334,240,206,5,1,4,'87-2019','2019-03-01','2019-03-31',1),(335,181,198,4,1,5,'72-2019','2019-03-01','2019-04-30',1),(336,220,278,4,3,5,'44-2019','2019-03-01','2019-03-31',1),(337,302,278,5,1,5,'',NULL,NULL,1),(338,49,262,2,1,2,'',NULL,NULL,1),(339,98,254,3,3,2,'32-2019','2019-03-01','2019-04-30',1),(340,264,254,5,1,2,'32-2019','2019-03-01','2019-04-30',1),(341,162,223,4,1,2,'77-2019','2019-03-01','2019-03-31',1),(342,47,271,4,1,3,'77-2019','2019-03-01','2019-03-31',1),(343,165,255,4,1,2,'44-2019','2019-03-01','2019-03-31',1),(344,264,255,5,1,2,'106-260-309-416-552',NULL,'2018-12-31',2),(345,233,199,4,1,5,'44-2019','2019-03-01','2019-03-31',1),(346,138,279,4,1,5,'44-2019','2019-03-01','2019-03-31',1),(347,160,207,4,1,4,'44-2019','2019-03-01','2019-03-31',1),(348,75,215,3,1,3,'',NULL,NULL,1),(349,63,247,3,1,2,'',NULL,NULL,1),(350,49,263,2,1,2,'',NULL,NULL,1),(351,97,239,3,1,4,'',NULL,NULL,1),(352,205,239,5,1,4,'',NULL,'0002-12-02',2),(353,22,231,2,1,3,'',NULL,NULL,1),(354,47,272,4,1,3,'77-2019','2019-03-01','2019-03-31',1),(355,177,224,4,1,2,'44-2019','2019-03-01','2019-03-31',1),(356,124,232,3,4,3,'',NULL,NULL,1),(357,255,248,4,1,2,'',NULL,NULL,1),(358,132,240,3,1,4,'',NULL,NULL,1),(359,158,216,1,2,3,'',NULL,NULL,1),(360,20,216,5,3,3,'64-2019','2019-03-01','2019-03-31',1),(361,291,216,5,1,3,'68-2019','2019-03-01','2019-03-31',1),(362,160,208,4,1,4,'44-2019','2019-03-01','2019-03-31',1),(363,233,200,4,1,5,'72-2019','2019-03-01','2019-04-30',1),(364,10,280,3,3,5,'',NULL,NULL,1),(365,265,280,5,1,5,'57-2019','2019-02-19','2019-04-18',1),(366,79,264,4,1,2,'44-2019','2019-03-01','2019-03-31',1),(367,12,256,3,1,2,'',NULL,NULL,1),(368,72,361,1,2,2,'49-2019','2019-03-01','2019-04-30',1),(369,3,369,4,1,3,'43-2019','2019-03-01','2019-03-31',1),(370,128,329,4,1,2,'44-2019','2019-03-01','2019-03-31',1),(371,124,313,3,4,3,'',NULL,NULL,1),(372,175,337,3,1,2,'',NULL,NULL,1),(373,156,321,3,3,4,'',NULL,NULL,1),(374,65,321,5,1,4,'20-2019','2019-02-11','2019-04-06',1),(375,142,305,4,1,3,'44-2019','2019-03-01','2019-03-31',1),(376,50,297,3,1,5,'',NULL,NULL,1),(377,44,289,3,1,4,'',NULL,NULL,1),(378,28,353,4,1,5,'44-2019','2019-03-01','2019-03-31',1),(379,145,345,3,2,2,'',NULL,NULL,1),(380,72,362,1,1,2,'49-2019','2019-03-01','2019-03-31',1),(381,245,370,4,1,3,'44-2019','2019-03-01','2019-03-31',1),(382,212,330,4,1,2,'44-2019','2019-03-01','2019-03-31',1),(383,124,314,3,4,3,'',NULL,NULL,1),(384,63,338,3,1,2,'',NULL,NULL,1),(385,104,322,3,1,4,'',NULL,NULL,1),(386,20,306,4,3,3,'44-2019','2019-03-01','2019-03-31',1),(387,214,306,5,1,3,'68-2019','2019-03-01','2019-03-31',1),(388,221,298,4,1,5,'44-2019','2019-03-01','2019-03-31',1),(389,125,290,3,1,4,'',NULL,NULL,1),(390,39,354,4,2,5,'',NULL,NULL,1),(391,288,354,5,1,5,'65-2019','2019-03-01','2019-04-30',1),(393,145,346,3,2,2,'',NULL,NULL,1),(394,61,363,4,2,2,'',NULL,NULL,1),(395,195,363,5,1,2,'107-252-254-444-501-589',NULL,'0002-12-02',2),(396,29,371,4,3,3,'44-2019','2019-03-01','2019-03-31',1),(397,245,371,5,1,3,'55-2019','2019-03-01','2019-04-27',1),(398,155,331,3,1,2,'11-2019','2019-03-01','2019-04-30',1),(399,22,315,2,1,3,'',NULL,NULL,1),(400,175,339,3,1,2,'',NULL,NULL,1),(401,104,323,3,1,4,'',NULL,NULL,1),(402,141,307,3,1,3,'',NULL,NULL,1),(403,159,299,3,1,5,'',NULL,NULL,1),(404,125,291,3,1,4,'',NULL,NULL,1),(405,28,355,4,1,5,'44-2019','2019-03-01','2019-03-31',1),(406,145,347,3,2,2,'',NULL,NULL,1),(407,61,364,3,1,2,'',NULL,NULL,1),(408,29,372,4,3,3,'44-2019','2019-03-01','2019-03-31',1),(409,56,372,5,1,3,'55-2019','2019-03-01','2019-04-27',1),(410,155,332,3,1,2,'',NULL,NULL,1),(411,124,316,4,4,3,'44-2019','2019-03-01','2019-03-31',1),(412,63,340,3,1,2,'',NULL,NULL,1),(413,104,324,3,1,4,'',NULL,NULL,1),(414,20,308,3,3,3,'',NULL,NULL,1),(415,291,308,5,1,3,'68-2019','2019-03-01','2019-03-31',1),(416,253,300,4,3,5,'44-2019','2019-03-01','2019-03-31',1),(417,223,292,4,1,4,'44-2019','2019-03-01','2019-03-31',1),(418,137,356,4,1,5,'44-2019','2019-03-01','2019-03-31',1),(419,145,348,3,2,2,'',NULL,NULL,1),(420,29,365,4,3,2,'44-2019','2019-03-01','2019-03-31',1),(421,84,365,5,1,2,'55-2019','2019-03-01','2019-04-27',1),(422,245,373,4,1,3,'44-2019','2019-03-01','2019-03-31',1),(423,34,333,4,1,2,'44-2019','2019-03-01','2019-03-31',1),(424,22,317,4,1,3,'44-2019','2019-03-01','2019-03-31',1),(425,98,341,3,3,2,'32-2019','2019-03-01','2019-04-30',1),(426,264,341,5,1,2,'32-2019','2019-03-01','2018-04-30',1),(427,132,325,3,1,4,'71-2019','2019-03-13','2019-04-30',1),(428,20,309,3,3,3,'',NULL,NULL,1),(429,291,309,5,1,3,'68-2019','2019-03-01','2019-03-31',1),(430,160,301,3,1,5,'',NULL,NULL,1),(431,83,293,3,1,4,'',NULL,NULL,1),(432,10,357,3,3,5,'',NULL,NULL,1),(433,288,357,5,1,5,'57-2019','2019-02-19','2019-04-18',1),(434,165,349,3,1,2,'',NULL,NULL,1),(435,256,349,5,1,2,'106-260-309-416-552',NULL,'0002-12-02',2),(436,72,366,1,1,2,'49-2019','2019-03-01','2019-03-31',1),(437,3,374,3,1,3,'',NULL,NULL,1),(438,179,334,4,1,2,'44-2019','2019-03-01','2019-03-31',1),(439,124,318,3,4,3,'',NULL,NULL,1),(440,256,342,4,1,2,'44-2019','2019-03-01','2019-03-31',1),(441,156,326,3,3,4,'',NULL,NULL,1),(442,143,326,5,1,4,'20-53-2019','2019-02-11','2019-02-28',1),(444,20,310,3,3,3,'',NULL,NULL,1),(445,291,310,5,1,3,'68-2019','2019-03-01','2019-03-31',1),(446,232,302,4,1,5,'44-2019','2019-03-01','2019-03-31',1),(447,225,294,4,1,4,'44-2019','2019-03-01','2019-03-31',1),(448,10,358,3,3,5,'',NULL,NULL,1),(449,265,358,5,1,5,'57-2019','2019-02-19','2019-04-18',1),(450,145,350,3,2,2,'',NULL,NULL,1),(451,61,367,3,1,2,'',NULL,NULL,1),(452,47,375,4,1,3,'',NULL,NULL,1),(453,196,335,4,1,2,'44-2019','2019-03-01','2019-03-31',1),(454,211,319,1,1,3,'',NULL,NULL,1),(455,63,343,3,1,2,'',NULL,NULL,1),(456,147,327,3,1,4,'',NULL,NULL,1),(457,20,311,3,3,3,'',NULL,NULL,1),(458,291,311,5,1,3,'68-2019','2019-03-01','2018-03-31',1),(459,160,303,3,1,5,'',NULL,NULL,1),(460,190,295,4,1,4,'44-2019','2019-03-01','2019-03-31',1),(461,39,359,3,1,5,'',NULL,NULL,1),(462,63,351,3,1,2,'',NULL,NULL,1),(463,72,368,4,1,2,'49-2019','2019-03-01','2019-03-31',1),(464,3,376,3,1,3,'',NULL,NULL,1),(465,184,336,4,1,2,'44-2019','2019-03-01','2019-03-31',1),(466,124,320,3,4,3,'',NULL,NULL,1),(467,63,344,3,1,2,'',NULL,NULL,1),(468,156,328,3,3,4,'',NULL,NULL,1),(469,143,328,5,1,4,'20-53-2019','2019-03-01','2019-04-06',1),(471,75,312,3,1,3,'',NULL,NULL,1),(472,63,352,3,1,2,'',NULL,NULL,1),(473,228,360,5,1,5,'65-2019','2019-03-01','2019-03-31',1),(474,221,304,4,1,5,'44-2019','2019-03-01','2019-03-31',1),(475,225,296,4,1,4,'44-2019','2019-03-01','2019-03-31',1),(476,72,449,1,1,2,'',NULL,NULL,1),(477,185,465,4,1,3,'44-2019','2019-03-01','2019-03-31',1),(478,88,489,1,1,2,'',NULL,NULL,1),(479,57,417,1,1,3,'',NULL,NULL,1),(480,244,425,4,1,3,'44-2019','2019-03-01','2019-03-31',1),(481,156,433,3,3,4,'',NULL,NULL,1),(482,205,433,5,1,4,'20-53-2019','2019-02-11','2019-04-06',1),(483,67,473,1,1,2,'',NULL,NULL,1),(484,29,441,4,3,2,'44-2019','2019-03-01','2019-03-31',1),(485,47,441,5,1,2,'55-2019','2019-03-01','2019-04-27',1),(486,20,409,3,3,3,'',NULL,NULL,1),(487,291,409,5,1,3,'68-2019','2019-03-01','2019-03-31',1),(488,78,401,4,2,4,'44-2019','2019-03-01','2019-03-31',1),(489,286,401,5,1,4,'12-52-2019','2019-03-13','2019-04-30',1),(490,39,457,3,1,3,'',NULL,NULL,1),(491,88,481,3,2,2,'',NULL,NULL,1),(492,131,481,5,1,2,'62-2019','2019-03-01','2019-03-31',1),(493,192,393,4,1,2,'44-2019','2019-03-01','2019-03-31',1),(494,125,385,3,1,4,'',NULL,NULL,1),(495,61,450,4,2,2,'',NULL,NULL,1),(496,277,450,5,1,2,'47-2019','2019-03-01','2019-04-30',1),(497,137,466,4,1,3,'44-2019','2019-03-01','2019-03-31',1),(498,244,426,4,1,3,'44-2019','2019-03-01','2019-03-01',1),(499,3,442,4,1,2,'44-2019','2019-03-01','2019-03-31',1),(500,104,434,3,1,4,'',NULL,NULL,1),(501,138,458,4,1,3,'44-2019','2019-03-01','2019-03-31',1),(502,54,482,1,1,2,'',NULL,NULL,1),(503,131,482,5,1,2,'',NULL,NULL,2),(504,57,418,1,1,3,'',NULL,NULL,1),(505,160,402,4,1,4,'44-2019','2019-03-01','2019-03-31',1),(506,88,490,1,1,2,'',NULL,NULL,1),(507,214,410,4,1,3,'44-2019','2019-03-01','2019-03-31',1),(508,240,394,4,1,2,'44-2019','2019-03-01','2019-03-31',1),(509,44,386,3,1,4,'',NULL,NULL,1),(510,67,474,1,1,2,'',NULL,NULL,1),(511,72,451,4,2,2,'',NULL,NULL,1),(512,277,451,5,1,2,'31-2019','2019-03-01','2019-04-30',1),(513,178,419,4,1,3,'44-2019','2019-03-01','2019-03-31',1),(514,20,411,3,3,3,'',NULL,NULL,1),(515,291,411,5,1,3,'68-2019','2019-03-01','2019-03-31',1),(516,50,403,1,1,4,'',NULL,NULL,1),(517,244,427,4,1,3,'44-2019','2019-03-01','2019-03-31',1),(518,3,443,4,1,2,'44-2019','2019-03-01','2019-03-31',1),(519,54,483,1,3,2,'',NULL,'2019-02-28',2),(520,131,483,5,1,2,'',NULL,NULL,2),(521,185,467,4,1,3,'44-2019','2019-03-01','2019-03-31',1),(522,127,491,1,3,2,'',NULL,NULL,2),(523,219,491,5,3,2,'70-2019','2019-03-01','2019-04-30',2),(524,209,491,5,1,2,'',NULL,NULL,2),(525,240,395,4,1,2,'44-2019','2019-03-01','2019-03-31',1),(526,97,435,3,1,4,'',NULL,NULL,1),(527,132,435,5,1,4,'',NULL,NULL,2),(528,125,387,3,1,4,'',NULL,NULL,1),(529,38,459,3,1,3,'',NULL,NULL,1),(530,67,475,1,1,2,'',NULL,NULL,1),(531,71,428,2,3,3,'',NULL,NULL,1),(532,211,428,5,1,3,'',NULL,NULL,1),(533,141,412,4,1,3,'44-2019','2019-03-01','2019-03-31',1),(534,72,452,1,1,2,'49-2019','2019-03-01','2019-03-31',1),(535,104,436,3,1,4,'',NULL,NULL,1),(536,309,420,4,1,3,'44-2019','2019-03-01','2019-03-31',1),(537,54,484,1,1,2,'',NULL,NULL,1),(538,26,484,5,1,2,'',NULL,NULL,2),(539,245,444,1,1,2,'',NULL,NULL,1),(540,185,468,4,1,3,'44-2019','2019-03-01','2019-03-31',1),(541,88,492,1,1,2,'',NULL,NULL,1),(542,32,476,4,1,2,'44-2019','2019-03-01','2019-03-31',1),(543,192,396,4,1,2,'44-2019','2019-03-01','2019-03-31',1),(544,125,388,4,1,2,'44-2019','2019-03-01','2019-03-31',1),(545,38,460,3,1,3,'',NULL,NULL,1),(546,17,404,2,2,4,'',NULL,NULL,1),(547,221,404,5,1,4,'87-2019','2019-03-01','2019-03-31',1),(548,253,405,4,3,4,'44-2019','2019-03-01','2019-03-31',1),(549,29,453,4,3,2,'44-2019','2019-03-01','2019-03-31',1),(550,277,453,5,1,2,'55-2019','2019-03-01','2019-04-27',1),(551,232,389,4,1,4,'44-2019','2019-03-01','2019-03-31',1),(552,211,429,1,1,3,'',NULL,NULL,1),(553,126,493,3,3,2,'',NULL,NULL,1),(554,287,493,5,1,2,'26-2019','2019-03-01','2019-03-14',1),(555,141,413,3,1,3,'',NULL,NULL,1),(556,148,437,3,1,4,'',NULL,NULL,1),(557,309,421,4,1,3,'44-2019','2019-03-01','2019-03-31',1),(558,54,485,3,1,2,'',NULL,NULL,1),(559,131,485,5,1,2,'',NULL,NULL,2),(560,245,445,1,1,2,'',NULL,NULL,1),(561,32,477,4,1,2,'44-2019','2019-03-01','2019-03-31',1),(562,240,397,4,1,2,'44-2019','2019-03-01','2019-03-31',1),(563,38,461,3,1,3,'',NULL,NULL,1),(564,137,469,4,1,3,'44-2019','2019-03-01','2019-03-31',1),(565,142,414,3,3,3,'',NULL,NULL,1),(566,29,446,4,3,2,'44-2019','2019-03-01','2019-03-31',1),(567,47,446,5,1,2,'55-2019','2019-03-01','2019-04-27',1),(568,126,494,3,3,2,'',NULL,NULL,1),(569,85,494,5,1,2,'26-2019','2019-03-01','2019-03-14',1),(570,72,454,1,1,2,'49-2019','2019-03-01','2019-04-30',1),(571,231,406,4,3,4,'',NULL,NULL,1),(572,229,406,5,1,4,'',NULL,NULL,1),(573,113,478,4,1,2,'44-2019','2019-03-01','2019-03-31',1),(574,138,462,4,1,3,'44-2019','2019-03-01','2019-03-31',1),(575,54,486,3,1,2,'',NULL,NULL,1),(576,85,486,5,1,2,'',NULL,NULL,2),(577,157,438,4,2,4,'',NULL,'2019-03-01',2),(578,273,438,5,1,4,'',NULL,NULL,2),(579,57,422,1,1,3,'',NULL,NULL,1),(580,160,398,3,1,2,'',NULL,NULL,1),(581,288,470,4,2,3,'44-2019','2019-03-01','2019-03-31',1),(582,313,470,5,1,3,'',NULL,NULL,1),(583,280,430,4,1,3,'44-2019','2019-03-01','2019-03-31',1),(584,225,390,4,1,4,'44-2019','2019-03-01','2019-03-31',1),(585,200,391,4,1,4,'44-2019','2019-03-01','2019-03-31',1),(586,126,495,3,3,2,'',NULL,NULL,1),(587,219,495,5,3,2,'',NULL,NULL,1),(588,88,495,5,1,2,'',NULL,NULL,1),(589,141,415,3,1,3,'',NULL,NULL,1),(590,72,455,1,1,2,'49-2019','2019-03-01','2019-04-30',1),(591,113,479,4,1,2,'42-2019','2019-03-01','2019-03-31',1),(592,42,423,4,1,3,'44-2019','2019-03-01','2019-03-31',1),(593,245,447,1,1,2,'',NULL,NULL,1),(594,88,487,3,1,2,'',NULL,NULL,1),(595,147,439,3,2,4,'',NULL,NULL,1),(596,143,439,5,3,4,'48-2019','2019-03-01','2019-04-30',1),(597,203,439,5,1,4,'',NULL,NULL,1),(598,193,407,4,1,4,'44-2019','2019-03-01','2019-03-31',1),(599,228,471,4,1,3,'44-2019','2019-03-01','2019-03-31',1),(600,89,463,3,1,3,'',NULL,NULL,1),(601,221,399,4,1,2,'44-2019','2019-03-01','2019-03-31',1),(602,22,431,2,1,3,'',NULL,NULL,1),(603,253,408,4,1,4,'44-2019','2019-03-01','2019-03-31',1),(604,253,400,4,3,2,'44-2019','2019-03-01','2019-03-31',1),(605,126,496,3,3,2,'',NULL,NULL,1),(606,219,496,5,3,2,'26-2019','2019-03-01','2019-03-14',1),(607,287,496,5,1,2,'',NULL,NULL,1),(608,246,424,4,1,3,'44-2019','2019-03-01','2019-03-31',1),(609,72,456,1,1,2,'49-2019','2019-03-01','2019-03-31',1),(610,148,440,3,1,4,'',NULL,NULL,1),(611,3,448,3,1,2,'',NULL,NULL,1),(612,39,464,4,2,3,'',NULL,NULL,1),(613,137,464,5,1,3,'65-2019','2019-03-01','2019-04-30',1),(614,75,416,3,1,3,'',NULL,NULL,1),(615,288,472,4,2,3,'44-2019','2019-03-01','2019-03-31',1),(616,313,472,5,1,3,'',NULL,NULL,1),(617,88,480,3,1,2,'',NULL,NULL,1),(618,44,392,4,1,4,'44-2019','2019-03-01','2019-03-31',1),(619,22,432,2,1,3,'',NULL,NULL,1),(620,32,488,4,1,2,'44-2019','2019-03-01','2019-03-31',1),(621,225,292,5,1,4,'14-2019','2019-03-01','2019-03-15',2),(622,28,568,4,1,2,'',NULL,NULL,1),(623,85,554,3,1,4,'',NULL,NULL,1),(624,20,519,3,3,2,'',NULL,NULL,1),(625,142,519,5,2,2,'68-2019','2019-03-01','2019-03-31',1),(626,124,547,3,4,2,'',NULL,NULL,1),(627,104,540,4,1,2,'44-2019','2019-03-01','2019-03-31',1),(628,54,561,3,1,2,'',NULL,NULL,1),(629,28,561,5,1,2,'73-193-319-440-494',NULL,'0002-12-02',2),(630,245,582,1,1,3,'',NULL,NULL,1),(631,57,526,1,1,4,'',NULL,NULL,1),(632,157,533,3,1,3,'',NULL,NULL,1),(633,125,505,3,1,3,'',NULL,NULL,1),(634,67,596,1,1,2,'',NULL,NULL,1),(635,17,512,2,2,3,'',NULL,NULL,1),(636,221,512,5,1,3,'87-2019','2019-03-01','2019-03-31',1),(637,15,575,4,1,3,'44-2019','2019-03-01','2019-03-31',1),(638,43,589,3,1,4,'',NULL,NULL,1),(639,29,583,4,3,3,'44-2019','2019-03-01','2019-03-31',1),(640,272,583,5,1,3,'55-2019','2019-03-01','2019-04-27',1),(641,99,513,4,1,3,'44-2019','2019-03-01','2019-03-31',1),(642,141,520,3,1,2,'',NULL,NULL,1),(643,124,548,3,2,2,'',NULL,NULL,1),(644,244,548,5,1,2,'',NULL,NULL,1),(645,118,576,3,1,3,'73-2019','2019-03-01','2019-04-30',2),(646,42,527,4,1,4,'44-2019','2019-03-01','2019-03-31',1),(647,138,590,3,1,4,'',NULL,NULL,1),(648,138,562,4,1,2,'44-2019','2019-03-01','2019-03-31',1),(649,157,541,3,2,2,'',NULL,'2019-03-01',2),(650,90,541,5,1,2,'140-224-251-306-430-537',NULL,'2019-03-01',2),(651,2,534,3,1,3,'',NULL,NULL,2),(652,88,555,1,1,4,'',NULL,NULL,1),(653,188,597,4,1,2,'44-2019','2019-03-01','2019-03-31',1),(654,44,506,3,1,3,'',NULL,NULL,1),(655,38,569,3,1,2,'',NULL,NULL,1),(656,178,528,4,1,4,'44-2019','2019-03-01','2019-03-31',1),(657,29,584,4,3,3,'',NULL,NULL,1),(658,199,584,5,1,3,'55-2019','2019-03-01','2019-04-27',1),(659,213,563,4,1,2,'44-2019','2019-03-01','2019-03-31',2),(660,141,521,3,1,2,'',NULL,NULL,1),(661,50,514,4,1,3,'44-2019','2019-03-01','2019-03-31',1),(662,124,549,3,4,2,'',NULL,NULL,1),(663,148,542,3,1,2,'',NULL,NULL,1),(664,2,542,5,1,2,'',NULL,NULL,2),(665,118,577,3,1,3,'',NULL,NULL,2),(666,83,507,3,1,3,'',NULL,NULL,1),(667,138,591,3,1,4,'',NULL,NULL,1),(668,157,535,3,1,3,'',NULL,NULL,1),(669,288,570,4,1,2,'44-2019','2019-03-01','2019-03-31',1),(671,88,556,1,1,4,'',NULL,NULL,1),(672,67,598,1,1,2,'',NULL,NULL,1),(673,73,564,3,1,2,'',NULL,NULL,1),(674,253,515,4,1,3,'44-2019','2019-03-01','2019-03-31',1),(675,174,557,3,1,4,'',NULL,NULL,1),(676,178,529,4,1,4,'44-2019','2019-03-01','2019-03-31',1),(677,56,578,3,1,3,'',NULL,NULL,1),(678,199,585,1,1,3,'',NULL,NULL,1),(679,249,571,4,1,2,'44-2019','2019-03-01','2019-03-31',1),(680,244,550,4,1,2,'44-2019','2019-03-01','2019-03-31',1),(681,54,599,3,1,2,'',NULL,NULL,1),(682,67,599,5,1,2,'',NULL,'0002-12-02',2),(683,157,543,3,2,2,'',NULL,'2019-03-01',2),(684,209,543,4,1,2,'',NULL,'2019-03-31',1),(685,2,536,3,1,3,'',NULL,NULL,2),(686,75,522,4,1,2,'44-2019','2019-03-01','2019-03-31',1),(687,44,508,3,1,3,'',NULL,NULL,1),(688,38,592,3,1,4,'',NULL,NULL,1),(689,28,565,4,1,2,'44-2019','2019-03-01','2019-03-31',1),(690,178,530,1,1,4,'',NULL,NULL,1),(691,99,516,4,1,3,'44-2019','2019-03-01','2019-03-31',1),(692,56,579,3,1,3,'',NULL,NULL,1),(693,249,572,4,1,2,'44-2019','2019-03-01','2019-03-31',1),(694,54,600,3,1,2,'',NULL,NULL,1),(695,112,600,5,1,2,'73-193-319-440-494',NULL,'0002-12-02',2),(696,157,544,3,1,2,'',NULL,'2019-03-01',2),(697,245,586,1,1,3,'',NULL,NULL,1),(698,2,537,3,1,3,'',NULL,NULL,2),(699,95,593,3,1,4,'',NULL,NULL,1),(700,75,523,3,1,2,'',NULL,NULL,1),(701,88,558,1,1,4,'',NULL,NULL,1),(702,270,551,4,1,2,'44-2019','2019-03-01','2019-03-31',1),(703,125,509,3,1,3,'',NULL,NULL,1),(704,142,524,4,2,2,'44-2019','2019-03-01','2019-03-31',1),(705,99,517,4,1,3,'44-2019','2019-03-01','2019-03-31',1),(706,126,559,3,3,4,'',NULL,NULL,1),(707,209,559,5,1,4,'','2019-03-01','2019-03-14',1),(708,38,594,3,1,4,'',NULL,NULL,1),(709,199,587,4,1,3,'44-2019','2019-03-01','2019-03-31',1),(710,249,566,4,1,2,'44-2019','2019-03-01','2019-03-31',1),(711,244,552,4,1,2,'44-2019','2019-03-01','2019-03-31',1),(712,113,601,3,1,2,'',NULL,NULL,1),(713,42,531,4,1,4,'44-2019','2019-03-01','2019-03-31',1),(714,24,580,4,1,3,'44-2019','2019-03-01','2019-03-31',1),(715,2,545,3,1,2,'',NULL,NULL,2),(716,2,538,3,1,3,'',NULL,'2019-03-01',2),(717,89,573,3,1,2,'',NULL,NULL,1),(718,125,510,3,1,3,'',NULL,NULL,1),(719,174,670,4,1,2,'44-2019','2019-03-01','2019-03-31',1),(720,178,622,4,1,3,'44-2019','2019-03-01','2019-03-31',1),(721,85,634,3,1,4,'',NULL,NULL,1),(722,50,616,4,1,3,'44-2019','2019-03-01','2019-03-31',1),(723,11,658,3,1,3,'',NULL,NULL,1),(724,61,652,4,1,2,'',NULL,NULL,1),(725,157,628,3,1,3,'',NULL,NULL,1),(726,52,640,1,1,2,'',NULL,NULL,1),(727,65,676,3,1,3,'',NULL,NULL,1),(728,27,646,1,1,4,'',NULL,NULL,1),(729,119,664,3,1,3,'',NULL,NULL,1),(730,125,610,3,1,3,'',NULL,NULL,1),(731,67,682,1,1,2,'',NULL,NULL,1),(732,43,694,3,1,3,'',NULL,NULL,1),(733,73,695,3,2,3,'43-2019','2019-03-01','2019-04-30',1),(734,213,695,5,1,3,'43-2019','2019-03-01','2019-04-30',1),(735,109,653,3,1,2,'',NULL,NULL,1),(736,178,623,1,1,3,'',NULL,NULL,1),(737,205,629,4,1,3,'44-2019','2019-03-01','2019-03-31',1),(738,296,659,2,1,3,'',NULL,NULL,1),(739,11,677,3,1,3,'',NULL,NULL,1),(740,229,617,4,1,3,'44-2019','2019-03-01','2019-03-31',1),(741,52,641,4,1,2,'44-2019','2019-03-01','2019-03-31',1),(742,156,671,4,3,2,'44-2019','2019-03-01','2019-03-31',1),(743,2,671,5,1,2,'20-2019','2019-02-11','2019-02-28',2),(744,27,647,1,1,4,'',NULL,NULL,1),(745,127,635,1,3,4,'',NULL,NULL,1),(746,209,635,5,1,4,'70-2019','2019-03-01','2019-04-30',1),(747,94,665,4,1,3,'44-2019','2019-03-01','2019-03-31',1),(748,125,611,3,1,3,'',NULL,NULL,1),(749,67,683,1,1,2,'',NULL,NULL,1),(750,178,624,4,1,3,'44-2019','2019-03-01','2019-03-31',1),(751,55,678,4,1,3,'',NULL,NULL,1),(752,50,618,3,1,3,'',NULL,NULL,1),(753,11,660,3,1,3,'',NULL,NULL,1),(754,61,654,4,1,2,'',NULL,NULL,1),(755,54,648,3,1,4,'',NULL,NULL,1),(756,185,648,5,1,4,'',NULL,NULL,2),(757,65,672,4,1,2,'44-2019','2019-03-01','2019-03-31',1),(758,156,630,3,3,3,'',NULL,NULL,1),(759,143,630,5,1,3,'20-2019','2019-03-11','2019-02-28',2),(760,88,636,1,1,4,'',NULL,NULL,1),(761,119,666,3,1,3,'',NULL,NULL,1),(762,149,696,3,1,3,'',NULL,NULL,1),(763,44,612,3,1,3,'',NULL,NULL,1),(764,67,684,1,1,2,'',NULL,NULL,1),(765,204,642,4,1,2,'44-2019','2019-03-01','2019-03-31',1),(766,253,619,4,1,3,'44-2019','2019-03-01','2019-03-31',1),(767,126,637,3,3,4,'',NULL,NULL,1),(768,209,637,5,1,4,'26-2019','2019-03-01','2019-03-14',1),(769,205,673,4,1,2,'',NULL,NULL,1),(770,138,697,3,1,3,'',NULL,NULL,1),(771,54,685,3,2,2,'',NULL,NULL,2),(772,257,685,5,1,2,'',NULL,NULL,2),(773,26,655,4,1,2,'44-2019','2019-03-01','2019-03-31',1),(774,2,631,3,1,3,'',NULL,NULL,2),(775,65,679,3,1,3,'',NULL,NULL,1),(776,75,625,3,1,3,'',NULL,NULL,1),(777,281,667,4,1,3,'44-2019','2019-03-01','2019-03-31',1),(778,125,613,1,1,3,'',NULL,NULL,1),(779,197,661,4,1,3,'44-2019','2019-03-01','2019-03-31',1),(780,137,649,1,1,4,'',NULL,NULL,1),(781,204,643,4,1,2,'44-2019','2019-03-01','2019-03-31',1),(782,178,626,1,1,3,'',NULL,NULL,1),(783,126,674,3,3,2,'',NULL,NULL,1),(784,143,674,5,1,2,'26-2019','2019-03-01','2019-03-14',1),(785,209,674,5,1,2,'',NULL,NULL,2),(786,55,662,3,1,3,'',NULL,NULL,1),(787,205,632,4,1,3,'44-2019','2019-03-01','2019-03-31',1),(788,177,680,4,1,3,'44-2019','2019-03-01','2019-03-31',1),(789,61,656,3,1,2,'',NULL,NULL,1),(790,138,698,3,1,3,'',NULL,NULL,1),(791,52,644,4,1,2,'44-2019','2019-03-01','2019-03-31',1),(792,88,638,3,2,4,'',NULL,NULL,1),(793,174,638,5,1,4,'62-2019','2019-03-01','2019-03-31',1),(794,119,668,3,1,3,'',NULL,NULL,1),(795,89,650,3,1,4,'',NULL,NULL,1),(796,221,620,4,1,3,'44-2019','2019-03-01','2019-03-31',1),(797,125,614,1,1,3,'',NULL,NULL,1),(798,67,686,1,1,2,'',NULL,NULL,1),(799,73,699,3,1,3,'',NULL,NULL,1),(800,178,627,1,1,3,'',NULL,NULL,1),(801,126,675,3,3,2,'',NULL,NULL,1),(802,143,675,5,3,2,'26-2019','2019-03-01','2019-03-14',1),(803,203,675,5,1,2,'',NULL,NULL,1),(804,55,663,3,1,3,'',NULL,NULL,1),(805,61,657,3,1,2,'',NULL,NULL,1),(806,148,669,4,1,3,'44-2019','2019-03-01','2019-03-31',1),(807,83,615,3,1,3,'',NULL,NULL,1),(808,54,687,3,1,2,'',NULL,NULL,1),(809,258,687,5,1,2,'',NULL,NULL,2),(810,2,633,3,1,3,'',NULL,'2019-03-13',2),(811,52,645,1,1,2,'',NULL,NULL,1),(812,60,681,3,1,3,'',NULL,NULL,1),(813,159,621,3,1,3,'',NULL,NULL,1),(814,127,639,3,3,4,'',NULL,NULL,1),(815,174,639,5,1,4,'70-2019','2019-03-01','2019-04-30',1),(816,137,651,4,1,4,'44-2019','2019-03-01','2019-03-31',1),(817,6,500,2,1,2,'',NULL,NULL,1),(818,176,497,4,1,2,'44-2019','2019-03-01','2019-03-31',1),(819,45,501,4,1,2,'44-2019','2019-03-01','2019-03-31',1),(820,45,499,2,1,2,'',NULL,NULL,1),(821,7,503,2,1,2,'',NULL,NULL,1),(822,7,498,2,1,2,'',NULL,NULL,1),(823,96,502,4,1,2,'',NULL,NULL,1),(824,96,504,3,1,2,'',NULL,NULL,1),(825,6,689,3,1,2,'51-2019','2019-03-01','2019-04-30',1),(826,45,690,4,1,2,'44-2019','2019-03-01','2019-03-31',1),(827,7,691,2,1,2,'',NULL,NULL,1),(828,7,693,2,1,2,'',NULL,NULL,1),(829,5,688,2,1,2,'',NULL,NULL,1),(830,5,692,2,1,2,'',NULL,NULL,1),(831,120,606,4,1,2,'44-2019','2019-03-01','2019-03-31',1),(832,6,603,2,1,2,'',NULL,NULL,1),(833,6,604,2,1,2,'',NULL,NULL,1),(834,45,605,3,1,2,'51-2019','2019-03-01','2019-04-30',1),(835,5,608,2,1,2,'',NULL,NULL,1),(836,86,607,4,1,2,'44-2019','2019-03-01','2019-03-31',1),(837,16,609,2,1,2,'',NULL,NULL,1),(838,6,378,2,1,2,'',NULL,NULL,1),(839,6,380,2,1,2,'',NULL,NULL,1),(840,45,384,2,1,2,'',NULL,NULL,1),(841,45,382,2,1,2,'',NULL,NULL,1),(842,16,377,2,1,2,'',NULL,NULL,1),(843,16,379,3,1,2,'51-2019','2019-03-01','2019-04-30',1),(844,96,381,4,1,2,'',NULL,NULL,1),(845,96,383,4,1,2,'44-2019','2019-03-01','2019-03-01',1),(846,120,186,4,1,2,'44-2019','2019-03-01','2019-03-31',1),(847,6,188,2,1,2,'',NULL,NULL,1),(848,6,190,2,1,2,'',NULL,NULL,1),(849,45,192,2,1,2,'',NULL,NULL,1),(850,5,185,2,1,2,'7-1994 HCS','1994-01-01',NULL,1),(851,86,187,4,1,2,'44-2019','2019-03-01','2019-03-31',1),(852,16,189,2,1,2,'',NULL,NULL,1),(853,16,191,2,1,2,'',NULL,NULL,1),(854,6,282,2,1,2,'',NULL,NULL,1),(855,45,288,2,1,2,'',NULL,NULL,1),(856,304,288,5,1,2,'',NULL,NULL,2),(857,7,284,2,1,2,'',NULL,NULL,1),(858,7,281,2,1,2,'',NULL,NULL,1),(859,5,283,2,1,2,'',NULL,NULL,1),(861,5,285,2,1,2,'',NULL,NULL,1),(862,16,287,3,1,2,'51-2019','2019-03-01','2019-04-30',1),(863,16,286,3,1,2,'51-2019','2019-03-01','2019-04-30',1),(864,31,723,2,1,2,'',NULL,NULL,1),(865,67,774,3,1,2,'',NULL,NULL,1),(866,236,762,4,1,3,'27-2019','2019-03-01','2019-04-30',1),(867,248,742,4,1,2,'27-2019','2019-03-01','2019-04-30',1),(868,222,777,4,1,4,'27-2019','2019-03-01','2019-04-30',1),(869,12,712,3,1,3,'81','2019-03-01','2019-03-31',1),(870,23,757,3,1,4,'',NULL,NULL,1),(871,9,763,2,3,4,'23-2019','2019-02-16','2019-04-16',1),(872,256,763,5,1,4,'23-2019','2019-02-16','2019-04-16',1),(873,98,767,3,3,4,'32-2019','2019-03-01','2019-04-30',1),(874,12,767,5,1,4,'32-2019','2019-03-01','2019-04-30',1),(875,196,716,4,1,2,'27-2019','2019-03-01','2019-04-30',1),(876,13,705,3,1,3,'',NULL,NULL,1),(877,23,755,3,1,1,'',NULL,NULL,1),(878,223,717,4,3,2,'27-2019','2019-03-01','2019-04-30',1),(879,283,717,5,1,2,'14-2019','2019-03-01','2019-03-14',1),(880,19,739,2,2,3,'',NULL,NULL,1),(881,155,739,5,1,3,'11-2019','2019-03-01','2019-04-30',1),(882,204,784,4,1,1,'27-2019','2019-03-01','2019-04-30',1),(883,299,718,4,1,2,'27-2019','2019-03-01','2019-04-30',1),(884,247,770,4,1,4,'27-2019','2019-03-01','2019-04-30',1),(885,172,779,3,1,2,'',NULL,NULL,1),(886,40,759,3,1,4,'',NULL,NULL,1),(887,113,733,3,1,2,'',NULL,NULL,1),(888,207,752,4,1,6,'27-2019','2019-03-01','2019-04-30',1),(889,26,780,4,1,4,'',NULL,NULL,1),(890,26,781,4,1,5,'27-2019','2019-03-01','2019-04-30',1),(891,310,765,4,1,3,'27-2019','2019-03-01','2019-04-30',1),(892,255,730,4,1,2,'27-2019','2019-03-01','2019-04-30',1),(893,170,710,3,1,3,'',NULL,NULL,1),(894,292,701,4,1,3,'27-2019','2019-03-01','2019-04-30',1),(895,8,714,4,1,4,'27-2019','2019-03-01','2019-04-30',1),(896,113,732,3,1,2,'',NULL,NULL,1),(897,204,783,4,1,1,'27-2019','2019-03-01','2019-04-30',1),(898,172,778,3,1,2,'',NULL,NULL,1),(899,247,769,4,1,4,'27-2019','2019-03-01','2019-04-30',1),(900,247,771,4,1,2,'27-2019','2019-03-01','2019-04-30',1),(901,48,745,3,1,2,'',NULL,NULL,1),(902,11,722,3,1,3,'',NULL,NULL,1),(903,23,756,3,1,1,'',NULL,NULL,1),(904,83,736,4,1,2,'27-2019','2019-03-01','2019-04-30',1),(905,19,740,2,2,3,'',NULL,NULL,1),(906,155,740,5,1,3,'11-2019','2019-03-01','2019-04-30',1),(907,65,749,1,1,2,'',NULL,NULL,1),(908,130,738,4,1,2,'27-2019','2019-03-01','2019-04-30',1),(909,67,775,3,1,2,'',NULL,NULL,1),(910,173,731,3,1,3,'',NULL,NULL,1),(911,248,743,1,1,2,'',NULL,NULL,1),(912,199,720,4,1,4,'27-2019','2019-03-01','2019-04-30',1),(913,239,760,1,1,4,'',NULL,NULL,1),(914,12,713,3,1,4,'',NULL,NULL,1),(915,28,702,4,1,3,'27-2019','2019-03-01','2019-04-30',1),(916,210,734,4,1,4,'27-2019','2019-03-01','2019-04-30',1),(917,98,766,3,3,1,'32-2019','2019-03-01','2019-04-30',1),(918,23,766,5,1,1,'32-2019','2019-03-01','2019-04-30',1),(919,83,735,4,1,2,'27-2019','2019-03-01','2019-04-30',1),(920,194,744,1,1,2,'',NULL,NULL,1),(921,297,728,4,1,2,'27-2019','2019-03-01','2019-04-30',1),(922,14,703,3,1,3,'',NULL,NULL,1),(923,123,726,3,1,3,'',NULL,NULL,1),(924,263,704,4,1,4,'27-2019','2019-03-01','2019-04-30',1),(925,36,751,3,1,6,'',NULL,NULL,1),(926,31,724,2,1,2,'',NULL,NULL,1),(927,269,768,4,1,5,'27-2019','2019-03-01','2019-04-30',1),(928,243,711,4,1,3,'27-2019','2019-03-01','2019-04-30',1),(929,9,764,2,3,3,'23-2019','2019-02-16','2019-04-16',1),(930,264,764,5,1,3,'23-2019','2019-02-16','2019-04-16',1),(931,23,758,3,1,3,'',NULL,NULL,1),(932,255,729,4,1,3,'27-2019','2019-03-01','2019-04-30',1),(933,170,708,3,1,2,'',NULL,NULL,1),(934,145,782,3,2,3,'',NULL,NULL,1),(935,296,721,4,1,4,'27-2019','2019-03-01','2019-04-30',1),(936,254,772,4,1,3,'27-2019','2019-03-01','2019-04-30',1),(937,65,747,4,1,4,'27-2019','2019-03-01','2019-04-30',1),(938,196,715,4,1,2,'27-2019','2019-03-01','2019-04-30',1),(939,29,707,3,3,4,'',NULL,NULL,1),(940,47,707,5,1,4,'55-2019','2019-03-01','2019-04-27',1),(941,13,706,3,1,3,'',NULL,NULL,1),(942,92,750,3,1,6,'',NULL,NULL,1),(943,31,725,2,1,2,'',NULL,NULL,1),(944,199,719,4,1,5,'27-2019','2019-03-01','2019-04-30',1),(945,144,754,4,1,3,'27-2019','2019-03-01','2019-04-30',1),(946,239,761,1,1,3,'',NULL,NULL,1),(947,63,753,3,1,3,'',NULL,NULL,1),(948,264,773,4,1,3,'27-2019','2019-03-01','2019-04-30',1),(949,170,709,3,1,2,'',NULL,NULL,1),(950,256,737,4,1,3,'27-2019','2019-03-01','2019-04-30',1),(951,48,746,3,1,2,'',NULL,NULL,1),(952,19,741,2,2,4,'',NULL,NULL,1),(953,215,741,5,1,4,'',NULL,NULL,1),(954,123,727,3,1,4,'',NULL,NULL,1),(955,16,609,2,1,2,'',NULL,NULL,1),(956,16,785,2,1,2,'',NULL,NULL,1),(957,16,785,2,1,2,'',NULL,NULL,1),(958,226,786,4,1,3,'18-2019','2019-03-01','2019-03-31',1),(959,176,787,4,1,6,'18-2019','2019-03-01','2019-03-31',1),(960,7,788,2,1,8,'',NULL,NULL,1),(961,35,789,4,1,6,'18-2019','2019-03-01','2019-03-31',1),(962,56,789,4,1,3,'18-2019','2019-03-01','2019-03-31',1),(963,176,790,4,1,0,'',NULL,NULL,1),(964,45,791,2,1,4,'',NULL,NULL,1),(965,111,792,4,1,4,'18-2019','2019-03-01','2019-03-31',1),(966,16,793,4,1,6,'18-2019','2019-03-01','2019-03-31',1),(967,16,794,2,1,2,'',NULL,NULL,1),(968,96,795,4,1,6,'18-2019','2019-03-01','2019-03-31',1),(969,96,796,4,1,4,'18-2019','2019-03-01','2019-03-31',1),(970,54,483,1,1,2,'',NULL,NULL,1),(971,131,483,5,1,2,'RDIR-10-2019',NULL,NULL,2),(972,102,797,4,1,2,'44-2019','2019-03-01','2019-03-31',1),(973,138,798,4,1,2,'80-2019','2019-03-01','2019-03-31',1),(974,138,799,4,1,4,'80-2019','2019-03-01','2019-03-31',1),(975,264,800,4,1,2,'80-2019','2019-03-01','2019-03-31',1),(976,38,801,4,1,2,'',NULL,NULL,1),(977,216,802,4,1,2,'',NULL,NULL,1),(978,153,803,4,1,3,'',NULL,NULL,1),(979,121,804,4,1,2,'80-2019','2019-03-01','2019-03-31',1),(980,163,805,4,1,4,'80-2019','2019-03-01','2019-03-31',1),(981,227,806,4,1,3,'80-2019','2019-03-01','2019-03-31',1),(982,91,807,4,1,2,'80-2019','2019-03-01','2019-03-31',1),(983,306,808,4,1,2,'80-2019','2019-03-01','2019-03-31',1),(984,205,809,4,1,2,'80-2019','2019-03-01','2019-03-31',1),(985,199,810,4,1,2,'',NULL,NULL,1),(986,314,519,5,1,2,'16-2019','2019-03-01','2019-03-31',1),(987,314,524,5,1,2,'16-2019','2019-03-01','2019-03-31',1),(988,84,361,5,1,2,'31-2019','2019-03-01','2019-04-30',1),(989,96,811,4,1,1,'42-2019','2019-03-01','2019-03-31',1),(990,104,812,4,1,2,'42-2019','2019-03-01','2019-03-31',1),(991,157,36,4,1,1,'42-2019','2019-03-01','2019-03-31',1),(992,218,813,4,1,4,'42-2019','2019-03-01','2019-03-31',2),(993,264,54,4,1,1,'42-2019 Plan 2018','2019-03-01','2019-03-31',1),(994,264,55,4,1,1,'42-2019 Plan 2018','2019-03-01','2019-03-31',1),(995,52,814,4,1,3,'44-2019','2019-03-01','2019-03-31',1),(996,93,815,4,1,2,'44-2019','2019-03-01','2019-03-31',1),(997,94,816,4,1,3,'44-2019','2019-03-01','2019-03-31',1),(998,96,811,4,1,2,'44-2019','2019-03-01','2019-03-31',1),(999,111,93,4,1,2,'44-2019','2019-03-01','2019-03-31',1),(1000,176,94,4,1,2,'44-2019','2019-03-01','2019-03-31',1),(1001,226,92,4,1,2,'44-2019','2019-03-01','2019-03-31',1),(1002,253,107,4,1,1,'44-2019','2019-03-01','2019-03-31',2),(1003,282,817,4,1,2,'44-2019','2019-03-01','2019-03-31',1),(1004,293,818,4,1,3,'44-2019','2019-03-01','2019-03-31',1),(1005,84,176,5,1,4,'47-2019','2019-03-01','2019-03-31',1),(1006,301,363,5,1,2,'47-2019','2019-03-01','2019-03-31',1),(1007,47,71,5,1,3,'',NULL,NULL,1),(1008,50,106,3,1,4,'49-2019','2019-03-01','2019-02-28',2),(1009,157,671,5,1,2,'53-2019','2019-03-01','2019-04-06',1),(1010,157,630,5,1,3,'53-2019','2019-03-01','2019-04-06',1),(1011,221,107,5,1,4,'59-83-2019','2019-03-13','2019-04-30',1),(1012,229,300,5,1,5,'59-83-2019','2019-03-13','2019-04-30',1),(1013,240,400,5,1,2,'59-83-2019','2019-03-13','2019-04-30',1),(1014,99,405,5,1,4,'59-83-2019','2019-03-13','2019-04-30',1),(1015,314,414,5,1,3,'61-2019','2019-03-01','2019-03-31',1),(1016,314,18,5,1,3,'64-2019','2019-03-01','2019-03-31',1),(1017,39,360,4,3,5,'','2019-03-01','2019-03-31',1),(1018,71,27,5,1,3,'66-2019','2019-03-13','2019-04-30',1),(1019,312,227,5,1,3,'66-2019','2019-03-01','2019-04-30',1),(1020,244,228,5,1,3,'66-2019','2019-03-01','2019-04-30',1),(1021,244,135,5,1,3,'66-2019','2019-03-01','2019-04-30',1),(1022,244,313,5,1,3,'66-2019','2019-03-01','2019-04-30',1),(1023,244,547,5,1,2,'66-2019','2019-03-01','2019-04-30',1),(1024,211,314,5,1,3,'66-2019','2019-03-01','2019-04-30',1),(1025,211,316,5,1,3,'66-2019','2019-03-01','2019-04-30',1),(1026,280,549,5,1,2,'66-2019','2019-03-01','2019-04-30',1),(1027,280,318,5,1,3,'66-2019','2019-03-01','2019-04-30',1),(1028,270,320,5,1,3,'66-2019','2019-03-01','2019-04-30',1),(1029,244,232,5,1,3,'66-2019','2019-03-01','2019-04-30',1),(1030,28,563,4,1,2,'67-2019','2019-03-01','2019-03-31',1),(1031,205,538,4,1,3,'71','2019-03-13','2019-04-30',2),(1032,205,633,4,1,3,'71','2019-03-13',NULL,1),(1033,203,38,4,1,3,'71','2019-03-13','2019-04-30',1),(1034,104,39,4,1,3,'71','2019-03-13','2019-04-30',1),(1035,104,39,4,1,3,'71','2019-03-13',NULL,2),(1036,205,40,4,1,3,'71','2019-03-13',NULL,1),(1037,205,819,4,1,2,'80-2019','2019-03-01','2019-03-31',1),(1038,132,438,4,1,4,'71','2019-03-13',NULL,1),(1039,157,541,3,1,2,'',NULL,NULL,1),(1041,50,106,3,1,1,'49-2019','2019-03-01','2019-04-30',1),(1042,93,820,3,1,2,'1142-2012 RHCS',NULL,'2020-01-05',1),(1043,314,24,5,1,3,'69-2019','2019-03-13','2019-04-30',1),(1044,317,113,5,1,3,'69-2019','2019-03-01','2019-04-30',1),(1045,148,631,4,1,3,'71-2019','2019-03-01','2019-04-30',1),(1046,143,534,4,1,3,'71-2019','2019-03-01','2019-04-30',1),(1047,143,542,5,1,2,'71-2019','2019-03-01','2019-04-30',2),(1048,205,536,4,1,3,'71-2019','2019-03-01','2019-04-30',1),(1049,90,537,4,1,3,'71-2019','2019-03-01','2019-04-30',1),(1051,273,538,4,1,3,'71-2019','2019-03-01','2019-04-30',1),(1052,219,491,4,1,2,'',NULL,NULL,1),(1053,143,821,4,1,2,'80','2019-03-01','2019-03-31',1),(1054,15,576,4,1,3,'73-2019','2019-03-01','2019-04-30',1),(1055,15,577,4,1,3,'73-2019','2019-03-01','2019-04-30',1),(1056,163,60,5,1,3,'74-2019','2019-03-13','2019-04-29',1),(1057,163,63,5,1,3,'74-2019','2019-03-16','2019-04-29',1),(1058,163,161,5,1,3,'74-2019','2019-03-16','2019-04-29',1),(1059,163,164,5,1,3,'74-2019','2019-03-16','2019-04-29',1),(1060,277,171,5,1,4,'75-2019','2019-03-13','2019-04-30',1),(1061,277,172,5,1,4,'75-2019','2019-03-13','2019-04-30',1),(1062,47,173,5,1,4,'75-2019','2019-03-13','2019-04-30',1),(1063,301,174,5,1,4,'75-2019','2019-03-13','2019-04-30',1),(1064,301,175,5,1,4,'75-2019','2019-03-13','2019-04-30',1),(1065,282,822,4,1,2,'76-2019','2019-03-13','2019-04-30',1),(1066,12,153,4,1,1,'78-2019','2019-03-01','2019-03-31',1),(1067,12,154,4,1,1,'78-2019','2019-03-01','2019-03-31',1),(1068,12,155,4,1,1,'78-2019','2019-03-01','2019-03-31',1),(1069,5,185,4,1,1,'78-2019','2019-03-13','2019-03-31',1),(1070,6,190,4,1,1,'78-2019','2019-03-13','2019-03-31',1),(1071,6,188,4,1,1,'78-2019','2019-03-13','2019-03-31',1),(1072,16,191,4,1,1,'78-2019','2019-03-13','2019-03-31',1),(1073,16,189,4,1,1,'78-2019','2019-03-13','2019-03-31',1),(1074,45,192,4,1,2,'78-2019','2019-03-13','2019-03-31',1),(1075,46,161,4,3,1,'78-2019','2019-03-13','2019-03-31',1),(1076,46,164,4,3,1,'78-2019','2019-03-13','2019-03-31',1),(1077,49,162,4,1,1,'78-2019','2019-03-13','2019-03-31',1),(1078,49,163,4,1,1,'78-2019','2019-03-13','2019-03-31',1),(1079,49,165,4,1,1,'78-2019','2019-03-13','2019-03-31',1),(1080,49,166,4,1,1,'78-2019','2019-03-13','2019-03-31',1),(1081,49,167,4,1,1,'78-2019','2019-03-13','2019-03-31',1),(1082,49,168,4,1,1,'78-2019','2019-03-13','2019-03-31',1),(1083,49,126,4,1,1,'78-2019','2019-03-13','2019-03-31',1),(1084,61,176,4,1,1,'78-2019','2019-03-13','2019-03-31',1),(1085,63,157,4,1,1,'78-2019','2019-03-13','2019-03-31',1),(1086,63,159,4,1,1,'78-2019','2019-03-13','2019-03-31',1),(1087,65,124,4,1,1,'78-2019','2019-03-13','2019-03-31',1),(1088,86,187,4,1,1,'78-2019','2019-03-13','2019-03-31',1),(1089,109,171,4,2,1,'78-2019','2019-03-13','2019-03-31',1),(1090,109,172,4,2,1,'78-2019','2019-03-13','2019-03-31',1),(1091,109,173,4,2,1,'78-2019','2019-03-13','2019-03-31',1),(1092,109,174,4,2,1,'78-2019','2019-03-13','2019-03-31',1),(1093,109,175,4,2,1,'78-2019','2019-03-13','2019-03-31',1),(1094,134,128,4,1,1,'78-2019','2019-03-13','2019-03-31',1),(1095,155,127,4,1,1,'78-2019','2019-03-13','2019-03-31',1),(1096,162,123,4,1,1,'78-2019','2019-03-13','2019-03-31',1),(1097,164,121,4,1,1,'78-2019','2019-03-13','2019-03-31',1),(1098,164,122,4,1,1,'78-2019','2019-03-13','2019-03-31',1),(1099,165,156,4,1,1,'78-2019','2019-03-13','2019-03-31',1),(1100,179,125,4,1,1,'78-2019','2019-03-13','2019-03-31',1),(1101,256,158,4,1,1,'78-2019','2019-03-13','2019-03-31',1),(1102,266,160,4,1,1,'78-2019','2019-03-13','2019-03-31',1),(1103,311,169,4,1,1,'78-2019','2019-03-13','2019-03-31',1),(1104,311,170,4,1,1,'78-2019','2019-03-13','2019-03-31',1),(1105,142,823,4,1,5,'80-2019','2019-03-01','2019-03-31',1),(1106,218,823,4,1,5,'80-2019','2019-03-01','2019-03-31',1),(1107,264,345,5,1,2,'93-2019','2019-03-18','2019-03-31',1),(1108,264,346,5,1,2,'93-2019','2019-03-18','2019-03-31',1),(1109,256,347,5,1,2,'93-2019','2019-03-18','2019-03-31',1),(1110,264,348,5,1,2,'93-2019','2019-03-01','2019-03-31',1),(1111,266,350,5,1,2,'93-2019','2019-03-18','2019-03-31',1),(1112,26,65,4,1,3,'',NULL,NULL,1),(1113,218,73,4,1,4,'',NULL,NULL,1),(1114,54,824,3,1,2,'1505-2017 HCS','2017-05-01','2019-09-05',1),(1115,102,825,4,1,2,'',NULL,NULL,1),(1116,85,544,4,1,2,'','2019-03-13',NULL,1),(1117,209,545,4,1,2,'71-2019','2019-03-01','2019-04-30',1),(1118,143,546,4,1,2,'71-2019','2019-03-13','2019-04-30',1);
/*!40000 ALTER TABLE `detallecatedra` ENABLE KEYS */;
UNLOCK TABLES;

--
-- Table structure for table `detalleparte`
--

DROP TABLE IF EXISTS `detalleparte`;
/*!40101 SET @saved_cs_client     = @@character_set_client */;
/*!40101 SET character_set_client = utf8 */;
CREATE TABLE `detalleparte` (
  `id` int(8) NOT NULL AUTO_INCREMENT,
  `parte` int(8) NOT NULL,
  `division` int(8) NOT NULL,
  `docente` int(8) NOT NULL,
  `hora` int(8) NOT NULL,
  `llego` int(8) DEFAULT NULL,
  `retiro` int(8) DEFAULT NULL,
  `falta` int(8) NOT NULL,
  `estadoinasistencia` int(4) NOT NULL,
  PRIMARY KEY (`id`),
  KEY `id` (`id`),
  KEY `docente` (`docente`),
  KEY `curso` (`division`),
  KEY `parte` (`parte`),
  KEY `hora` (`hora`),
  KEY `falta` (`falta`),
  KEY `estadoinasistencia` (`estadoinasistencia`),
  CONSTRAINT `detalleparte_ibfk_2` FOREIGN KEY (`docente`) REFERENCES `docente` (`id`) ON UPDATE CASCADE,
  CONSTRAINT `detalleparte_ibfk_3` FOREIGN KEY (`division`) REFERENCES `division` (`id`) ON UPDATE CASCADE,
  CONSTRAINT `detalleparte_ibfk_4` FOREIGN KEY (`parte`) REFERENCES `parte` (`id`) ON UPDATE CASCADE,
  CONSTRAINT `detalleparte_ibfk_5` FOREIGN KEY (`hora`) REFERENCES `hora` (`id`) ON UPDATE CASCADE,
  CONSTRAINT `detalleparte_ibfk_6` FOREIGN KEY (`falta`) REFERENCES `falta` (`id`) ON UPDATE CASCADE,
  CONSTRAINT `detalleparte_ibfk_7` FOREIGN KEY (`estadoinasistencia`) REFERENCES `estadoinasistencia` (`id`) ON UPDATE CASCADE
) ENGINE=InnoDB AUTO_INCREMENT=371 DEFAULT CHARSET=latin1 ROW_FORMAT=COMPACT;
/*!40101 SET character_set_client = @saved_cs_client */;

--
-- Dumping data for table `detalleparte`
--

LOCK TABLES `detalleparte` WRITE;
/*!40000 ALTER TABLE `detalleparte` DISABLE KEYS */;
INSERT INTO `detalleparte` VALUES (44,6,17,142,7,NULL,NULL,1,4),(45,6,17,142,8,NULL,NULL,1,4),(47,7,20,223,3,NULL,NULL,1,2),(48,7,20,223,4,NULL,NULL,1,2),(49,7,28,223,2,NULL,NULL,1,2),(50,7,25,143,2,NULL,NULL,2,4),(51,7,25,143,3,NULL,NULL,2,4),(53,7,36,309,5,NULL,NULL,1,4),(54,6,1,218,5,NULL,NULL,1,2),(55,6,1,218,9,NULL,NULL,1,2),(56,6,11,277,4,NULL,NULL,2,4),(57,6,4,142,8,NULL,NULL,1,4),(58,7,25,28,7,NULL,NULL,2,4),(59,6,1,65,8,NULL,NULL,2,4),(75,9,32,143,2,NULL,NULL,1,4),(76,9,32,143,3,NULL,NULL,1,4),(77,10,53,205,9,NULL,NULL,1,4),(78,10,44,264,5,NULL,NULL,2,4),(79,11,22,109,5,NULL,NULL,3,2),(80,11,16,61,7,NULL,NULL,2,4),(81,10,51,197,7,NULL,NULL,2,4),(82,11,5,205,7,NULL,NULL,1,4),(83,9,39,143,9,NULL,NULL,1,4),(84,12,10,311,2,NULL,NULL,1,2),(85,12,10,311,6,NULL,NULL,1,2),(86,12,10,311,7,NULL,NULL,1,2),(87,12,9,311,4,NULL,NULL,1,2),(88,12,9,311,5,NULL,NULL,1,2),(90,13,20,142,5,NULL,NULL,1,4),(91,14,47,119,4,NULL,NULL,2,4),(92,14,47,119,5,NULL,NULL,2,4),(93,14,48,178,4,NULL,NULL,1,4),(94,12,10,214,4,NULL,NULL,1,4),(95,14,49,178,8,NULL,NULL,1,4),(96,14,49,178,9,NULL,NULL,1,4),(97,12,11,214,5,NULL,NULL,1,4),(98,12,9,163,4,NULL,NULL,4,2),(99,12,9,163,5,NULL,NULL,4,2),(100,14,43,178,6,NULL,NULL,1,4),(101,12,11,214,6,NULL,NULL,1,4),(102,12,11,73,6,NULL,NULL,4,2),(103,14,43,178,7,NULL,NULL,1,4),(104,12,9,159,7,NULL,NULL,2,4),(105,13,34,137,8,NULL,NULL,1,2),(106,13,34,137,9,NULL,NULL,1,2),(107,13,34,214,2,NULL,NULL,1,4),(108,13,19,137,4,NULL,NULL,1,2),(109,13,19,137,5,NULL,NULL,1,2),(110,13,19,137,6,NULL,NULL,1,2),(111,13,28,137,7,NULL,NULL,1,2),(112,11,6,49,6,NULL,NULL,2,4),(113,11,15,49,7,NULL,NULL,2,4),(114,11,22,49,8,NULL,NULL,2,4),(115,15,44,174,2,NULL,NULL,2,4),(116,15,46,24,2,NULL,NULL,1,4),(117,15,46,24,3,NULL,NULL,1,4),(118,15,52,119,4,NULL,NULL,2,4),(119,16,40,44,2,NULL,NULL,1,2),(120,16,40,44,3,NULL,NULL,1,2),(121,15,53,209,4,NULL,NULL,2,2),(122,16,38,280,6,NULL,NULL,3,2),(123,16,29,165,7,NULL,NULL,1,2),(124,16,29,165,8,NULL,NULL,1,2),(125,15,45,88,7,NULL,NULL,2,2),(126,15,45,88,8,NULL,NULL,1,2),(127,17,21,137,3,NULL,NULL,3,2),(128,17,6,142,2,NULL,NULL,2,2),(129,17,6,142,3,NULL,NULL,1,2),(130,17,8,84,2,NULL,NULL,1,2),(131,15,52,143,2,NULL,NULL,1,2),(132,16,24,255,8,NULL,NULL,2,2),(133,18,33,57,2,NULL,NULL,1,4),(134,18,33,57,4,NULL,NULL,1,4),(135,18,34,57,3,NULL,NULL,1,4),(136,18,25,50,2,NULL,NULL,1,4),(137,18,25,50,3,NULL,NULL,1,4),(138,19,50,50,4,NULL,NULL,1,4),(139,19,50,50,5,NULL,NULL,1,4),(140,19,42,138,4,NULL,NULL,2,4),(141,19,42,138,5,NULL,NULL,2,4),(142,19,42,38,5,NULL,NULL,4,2),(143,20,3,225,4,NULL,NULL,1,2),(144,20,3,225,5,NULL,NULL,1,2),(145,20,17,311,4,NULL,NULL,1,2),(146,18,25,72,3,NULL,NULL,4,2),(147,18,34,138,7,NULL,NULL,2,4),(148,16,30,225,7,NULL,NULL,3,2),(149,21,40,32,2,NULL,NULL,1,2),(150,22,52,174,5,NULL,NULL,2,2),(151,21,37,287,4,NULL,NULL,1,2),(152,21,39,89,3,NULL,NULL,1,2),(153,21,39,89,4,NULL,NULL,1,2),(154,21,38,225,4,NULL,NULL,1,2),(155,21,38,225,5,NULL,NULL,1,2),(156,21,38,138,6,NULL,NULL,1,2),(157,21,30,225,6,NULL,NULL,1,2),(158,21,30,225,7,NULL,NULL,1,2),(159,21,30,265,7,NULL,NULL,4,2),(160,21,31,147,8,NULL,NULL,1,2),(161,23,6,142,2,NULL,NULL,2,2),(162,23,14,147,5,NULL,NULL,1,2),(163,23,14,147,6,NULL,NULL,1,2),(164,22,52,89,6,NULL,NULL,1,2),(165,22,52,89,7,NULL,NULL,1,2),(166,24,4,142,2,NULL,NULL,1,4),(167,25,20,142,2,NULL,NULL,1,4),(168,25,20,109,3,NULL,NULL,3,2),(172,18,34,99,3,NULL,NULL,2,4),(173,25,34,99,9,NULL,NULL,1,2),(174,24,12,202,3,NULL,NULL,1,4),(175,24,12,202,4,NULL,NULL,1,4),(176,24,2,202,6,NULL,NULL,1,4),(177,24,11,202,5,NULL,NULL,1,4),(178,26,42,15,8,NULL,NULL,2,4),(179,27,40,137,5,NULL,NULL,1,2),(180,27,31,147,7,NULL,NULL,1,2),(181,27,31,147,8,NULL,NULL,1,2),(182,27,40,246,8,NULL,NULL,1,2),(183,27,32,225,5,NULL,NULL,1,2),(184,27,32,225,6,NULL,NULL,1,2),(185,27,38,225,7,NULL,NULL,1,2),(186,27,38,225,9,NULL,NULL,1,2),(187,29,16,266,2,NULL,NULL,3,2),(188,29,22,181,2,NULL,NULL,3,2),(189,29,14,229,7,NULL,NULL,1,2),(190,29,22,109,7,NULL,NULL,1,2),(191,29,22,109,8,NULL,NULL,1,2),(192,29,21,109,6,NULL,NULL,1,2),(194,30,25,128,2,NULL,NULL,1,2),(195,30,25,128,3,NULL,NULL,1,2),(196,30,20,142,5,NULL,NULL,1,4),(197,30,20,142,6,NULL,NULL,1,4),(198,30,26,214,4,NULL,NULL,1,2),(199,30,34,214,5,NULL,NULL,1,2),(200,30,34,214,6,NULL,NULL,1,2),(201,30,28,128,2,NULL,NULL,1,2),(202,30,28,128,3,NULL,NULL,1,2),(203,31,50,178,5,NULL,NULL,2,4),(204,30,25,142,7,NULL,NULL,1,4),(205,30,19,162,3,NULL,NULL,1,4),(206,32,3,162,7,NULL,NULL,1,4),(207,32,3,162,8,NULL,NULL,1,4),(208,32,3,162,9,NULL,NULL,1,4),(209,33,37,32,2,NULL,NULL,2,2),(210,33,23,162,2,NULL,NULL,2,2),(211,34,45,28,2,NULL,NULL,2,2),(212,33,31,147,5,NULL,NULL,1,2),(213,35,7,47,3,NULL,NULL,2,2),(214,35,13,63,2,NULL,NULL,1,2),(215,35,13,63,3,NULL,NULL,2,2),(216,35,16,220,6,NULL,NULL,2,2),(217,35,14,147,6,NULL,NULL,1,2),(218,34,51,281,9,NULL,NULL,2,2),(219,37,17,157,3,NULL,NULL,3,2),(220,32,11,214,7,NULL,NULL,1,2),(221,36,25,142,8,NULL,NULL,1,4),(222,37,1,218,5,NULL,NULL,1,2),(223,37,1,218,9,NULL,NULL,1,2),(224,39,29,34,2,NULL,NULL,1,2),(225,39,29,34,3,NULL,NULL,1,2),(226,40,51,209,3,NULL,NULL,2,2),(227,41,21,216,2,NULL,NULL,3,2),(230,42,28,229,2,NULL,NULL,1,4),(231,42,28,229,3,NULL,NULL,1,4),(232,43,17,142,7,NULL,NULL,1,4),(233,43,17,142,8,NULL,NULL,1,4),(234,42,27,28,2,NULL,NULL,1,4),(235,42,33,131,4,NULL,NULL,1,4),(236,42,33,131,5,NULL,NULL,1,4),(237,42,27,159,3,NULL,NULL,2,4),(238,42,27,159,4,NULL,NULL,2,4),(239,42,27,22,3,NULL,NULL,4,2),(240,43,4,142,2,NULL,NULL,1,4),(241,43,4,142,3,NULL,NULL,1,4),(242,43,4,131,8,NULL,NULL,1,4),(243,43,4,131,9,NULL,NULL,1,4),(244,43,12,159,5,NULL,NULL,2,4),(245,43,12,159,6,NULL,NULL,2,4),(247,43,9,159,7,NULL,NULL,2,2),(248,43,9,164,8,NULL,NULL,1,2),(249,42,20,142,5,NULL,NULL,2,2),(250,46,40,44,2,NULL,NULL,1,2),(251,46,40,44,3,NULL,NULL,1,2),(252,33,40,137,8,NULL,NULL,4,2),(253,33,40,137,7,NULL,NULL,4,2),(254,46,40,137,9,NULL,NULL,1,2),(255,46,40,160,8,NULL,NULL,2,2),(256,47,52,143,2,NULL,NULL,2,2),(257,47,52,143,3,NULL,NULL,2,2),(258,47,44,44,9,NULL,NULL,1,2),(259,47,46,205,9,NULL,NULL,2,2),(260,44,41,28,6,NULL,NULL,1,2),(262,44,41,28,3,NULL,NULL,1,2),(263,47,51,281,9,NULL,NULL,2,2),(264,44,77,28,3,NULL,NULL,1,2),(265,44,77,28,8,NULL,NULL,1,2),(266,44,77,28,9,NULL,NULL,1,2),(267,45,14,22,2,NULL,NULL,2,2),(268,45,16,179,2,NULL,NULL,2,2),(269,45,16,181,8,NULL,NULL,2,2),(270,48,25,50,2,NULL,NULL,1,2),(271,48,25,50,3,NULL,NULL,1,2),(273,49,41,157,2,NULL,NULL,1,2),(274,49,41,157,3,NULL,NULL,1,2),(275,49,50,50,4,NULL,NULL,1,2),(276,49,50,50,5,NULL,NULL,1,2),(277,49,48,174,6,NULL,NULL,1,2),(278,49,48,174,7,NULL,NULL,1,2),(279,50,9,157,6,NULL,NULL,1,2),(280,50,9,164,5,NULL,NULL,1,2),(281,50,17,50,7,NULL,NULL,1,2),(282,50,17,50,8,NULL,NULL,2,2),(283,49,77,174,4,NULL,NULL,1,2),(284,49,77,174,5,NULL,NULL,1,2),(287,49,43,157,4,NULL,NULL,1,2),(288,49,50,157,7,NULL,NULL,1,2),(289,49,50,157,8,NULL,NULL,1,2),(290,49,43,157,5,NULL,NULL,1,2),(291,49,42,157,9,NULL,NULL,1,2),(292,52,52,174,4,NULL,NULL,1,2),(293,52,52,174,5,NULL,NULL,1,2),(294,51,40,148,4,NULL,NULL,2,2),(295,53,15,155,2,NULL,NULL,1,2),(296,53,15,155,3,NULL,NULL,1,2),(297,53,13,181,4,NULL,NULL,1,2),(298,53,22,181,6,NULL,NULL,1,2),(299,53,14,147,5,NULL,NULL,1,2),(300,53,14,147,6,NULL,NULL,1,2),(301,51,32,228,7,NULL,NULL,1,2),(302,51,32,228,8,NULL,NULL,1,2),(303,55,2,213,5,NULL,NULL,1,2),(305,55,12,22,8,NULL,NULL,2,2),(306,55,4,211,6,NULL,NULL,1,2),(307,55,4,131,9,NULL,NULL,2,2),(309,57,20,50,8,NULL,NULL,2,2),(310,56,49,178,9,NULL,NULL,2,2),(311,57,26,211,7,NULL,NULL,1,2),(312,57,35,291,8,NULL,NULL,2,2),(314,51,31,147,8,NULL,NULL,2,2),(315,51,31,256,6,NULL,NULL,2,2),(316,51,31,256,7,NULL,NULL,2,2),(317,58,45,28,2,NULL,NULL,3,2),(318,58,51,125,2,NULL,NULL,2,2),(320,59,39,200,2,NULL,NULL,2,2),(321,59,29,245,2,NULL,NULL,2,2),(322,59,38,178,2,NULL,NULL,2,2),(323,61,16,220,6,NULL,NULL,2,2),(324,61,16,220,7,NULL,NULL,2,2),(325,61,13,63,2,NULL,NULL,2,2),(326,58,53,60,6,NULL,NULL,1,2),(327,58,53,60,7,NULL,NULL,1,2),(328,58,46,42,8,NULL,NULL,1,2),(329,58,46,42,9,NULL,NULL,1,2),(330,61,22,60,8,NULL,NULL,2,2),(331,58,51,281,9,NULL,NULL,2,2),(332,58,45,90,9,NULL,NULL,3,2),(333,54,34,240,2,NULL,NULL,1,1),(334,62,48,67,3,NULL,NULL,1,1),(335,62,48,67,4,NULL,NULL,1,1),(336,62,48,65,3,NULL,NULL,4,1),(337,56,43,288,6,NULL,NULL,1,1),(338,56,43,288,7,NULL,NULL,1,1),(339,62,77,148,3,NULL,NULL,3,1),(340,54,19,12,5,NULL,NULL,1,1),(341,54,26,288,6,NULL,NULL,1,1),(342,54,26,288,7,NULL,NULL,1,1),(343,54,26,288,8,NULL,NULL,1,1),(344,62,77,28,8,NULL,NULL,1,1),(345,62,77,28,9,NULL,NULL,1,1),(346,54,34,138,8,NULL,NULL,1,1),(347,63,2,158,8,NULL,NULL,1,1),(348,64,52,174,2,NULL,NULL,2,2),(349,64,52,174,3,NULL,NULL,2,2),(350,64,51,197,6,NULL,NULL,1,2),(351,65,32,143,2,NULL,NULL,1,2),(352,65,32,143,3,NULL,NULL,1,2),(353,65,39,143,9,NULL,NULL,1,2),(354,64,44,143,8,NULL,NULL,1,2),(355,65,40,44,2,NULL,NULL,3,2),(356,65,24,265,2,NULL,NULL,2,2),(357,65,29,288,4,NULL,NULL,1,2),(358,65,29,291,5,NULL,NULL,2,2),(359,59,29,288,6,NULL,NULL,1,2),(360,64,52,205,5,NULL,NULL,2,2),(361,65,39,221,6,NULL,NULL,1,2),(362,62,41,67,5,NULL,NULL,1,1),(363,62,41,67,6,NULL,NULL,1,1),(364,65,40,160,7,NULL,NULL,4,1),(365,65,40,288,6,NULL,NULL,1,1),(366,65,40,288,8,NULL,NULL,1,1),(367,65,30,265,6,NULL,NULL,1,1),(368,64,46,42,7,NULL,NULL,3,1),(369,66,22,220,2,NULL,NULL,1,1),(370,66,16,61,3,NULL,NULL,3,1);
/*!40000 ALTER TABLE `detalleparte` ENABLE KEYS */;
UNLOCK TABLES;

--
-- Table structure for table `division`
--

DROP TABLE IF EXISTS `division`;
/*!40101 SET @saved_cs_client     = @@character_set_client */;
/*!40101 SET character_set_client = utf8 */;
CREATE TABLE `division` (
  `id` int(8) NOT NULL AUTO_INCREMENT,
  `nombre` varchar(100) NOT NULL,
  `turno` int(8) DEFAULT NULL,
  `propuesta` int(8) NOT NULL,
  `preceptoria` int(8) DEFAULT NULL,
  PRIMARY KEY (`id`),
  KEY `id` (`id`),
  KEY `turno` (`turno`),
  KEY `propuesta` (`propuesta`),
  KEY `preceptoria` (`preceptoria`),
  CONSTRAINT `division_ibfk_1` FOREIGN KEY (`turno`) REFERENCES `turno` (`id`) ON DELETE CASCADE ON UPDATE CASCADE,
  CONSTRAINT `division_ibfk_2` FOREIGN KEY (`propuesta`) REFERENCES `propuesta` (`id`) ON DELETE CASCADE ON UPDATE CASCADE,
  CONSTRAINT `division_ibfk_3` FOREIGN KEY (`preceptoria`) REFERENCES `preceptoria` (`id`) ON UPDATE CASCADE
) ENGINE=InnoDB AUTO_INCREMENT=78 DEFAULT CHARSET=latin1;
/*!40101 SET character_set_client = @saved_cs_client */;

--
-- Dumping data for table `division`
--

LOCK TABLES `division` WRITE;
/*!40000 ALTER TABLE `division` DISABLE KEYS */;
INSERT INTO `division` VALUES (1,'1A',1,1,1),(2,'1B',1,1,1),(3,'1C',1,1,1),(4,'1D',1,1,1),(5,'1E',2,1,4),(6,'1F',2,1,4),(7,'1G',2,1,4),(8,'1H',2,1,4),(9,'2A',1,1,1),(10,'2B',1,1,1),(11,'2C',1,1,1),(12,'2D',1,1,1),(13,'2E',2,1,4),(14,'2F',2,1,4),(15,'2G',2,1,4),(16,'2H',2,1,4),(17,'3A',1,1,1),(18,'3B',1,1,1),(19,'3C',1,1,2),(20,'3D',1,1,2),(21,'3E',2,1,4),(22,'3F',2,1,4),(23,'3G',2,1,5),(24,'3H',2,1,5),(25,'4A',1,1,2),(26,'4B',1,1,2),(27,'4C',1,1,2),(28,'4D',1,1,2),(29,'4E',2,1,5),(30,'4F',2,1,5),(31,'4G',2,1,5),(32,'4H',2,1,5),(33,'5A',1,1,2),(34,'5B',1,1,2),(35,'5C',1,1,2),(36,'5D',1,1,2),(37,'5E',2,1,5),(38,'5F',2,1,5),(39,'5G',2,1,5),(40,'5H',2,1,5),(41,'6A',1,1,3),(42,'6B',1,1,3),(43,'6C',1,1,3),(44,'6D',2,1,6),(45,'6E',2,1,6),(46,'6F',2,1,6),(47,'6G',1,1,3),(48,'7A',1,1,3),(49,'7B',1,1,3),(50,'7C',1,1,3),(51,'7D',2,1,6),(52,'7E',2,1,6),(53,'7F',2,1,6),(54,'PRIMERO',NULL,1,NULL),(55,'SEGUNDO',NULL,1,NULL),(56,'TERCERO',NULL,1,NULL),(57,'CUARTO',NULL,1,NULL),(58,'QUINTO',NULL,1,NULL),(59,'SEXTO',NULL,1,NULL),(60,'SÉPTIMO',NULL,1,NULL),(61,'SECUNDARIO',NULL,1,NULL),(62,'PREGRADO',3,2,NULL),(63,'1ER CICLO',NULL,1,NULL),(64,'2DO CICLO',NULL,1,NULL),(65,'3ER CICLO',NULL,1,NULL),(66,'8',3,4,NULL),(67,'0',NULL,3,NULL),(68,'1A',3,2,NULL),(69,'1B',3,2,NULL),(70,'1C',3,2,NULL),(71,'2A',3,2,NULL),(72,'2B',3,2,NULL),(73,'2C',3,2,NULL),(74,'3A',3,2,NULL),(75,'3B',3,2,NULL),(76,'3C',3,2,NULL),(77,'7G',1,1,3);
/*!40000 ALTER TABLE `division` ENABLE KEYS */;
UNLOCK TABLES;

--
-- Table structure for table `docente`
--

DROP TABLE IF EXISTS `docente`;
/*!40101 SET @saved_cs_client     = @@character_set_client */;
/*!40101 SET character_set_client = utf8 */;
CREATE TABLE `docente` (
  `id` int(8) NOT NULL AUTO_INCREMENT,
  `legajo` varchar(8) DEFAULT '',
  `apellido` varchar(70) NOT NULL,
  `nombre` varchar(70) NOT NULL,
  `genero` int(8) NOT NULL,
  PRIMARY KEY (`id`),
  UNIQUE KEY `legajo` (`legajo`),
  KEY `id` (`id`),
  KEY `sexo` (`genero`),
  CONSTRAINT `docente_ibfk_1` FOREIGN KEY (`genero`) REFERENCES `genero` (`id`) ON DELETE CASCADE ON UPDATE CASCADE
) ENGINE=InnoDB AUTO_INCREMENT=318 DEFAULT CHARSET=latin1;
/*!40101 SET character_set_client = @saved_cs_client */;

--
-- Dumping data for table `docente`
--

LOCK TABLES `docente` WRITE;
/*!40000 ALTER TABLE `docente` DISABLE KEYS */;
INSERT INTO `docente` VALUES (1,'18247','COLMENARES',' EMILCE',1),(2,'18467','LEYBA',' ROBERTO ALEJANDRO',2),(3,'19465','FONTANA',' ALBERTO L',2),(4,'19582','FREYTES',' DANIEL HUMBERTO',2),(5,'19793','MARTINO',' WALTER OSVALDO',2),(6,'19965','CASINI',' JUAN ALBERTO',2),(7,'20159','FERNANDEZ',' MARIO VICTORIO',2),(8,'20550','CASTRO',' ARTURO EDUARDO',2),(9,'20632','ORTIZ QUIROZ',' JOSE MARCOS',2),(10,'20637','VILLEGAS',' OMAR EDGARDO',2),(11,'20704','EUSEBIO',' HUGO ADOLFO',2),(12,'21002','CASAS',' JOSE ALBERTO',2),(13,'21193','BAZAN',' BLANCA TERESITA',1),(14,'21237','ARANDA',' RAFAEL',2),(15,'21510','VILLAGRA',' EDUARDO ANTONIO',2),(16,'21893','PERICOLA',' GUILLERMO A',2),(17,'21897','VILLAGRA',' PEDRO LUIS',2),(18,'22555','PIQUERAS',' DANIEL OSVALDO',2),(19,'22759','LA ROCCA',' DANTE',2),(20,'23252','CHUECA',' MARTA ISABEL',1),(21,'23344','GONZALEZ',' MARCELO RAFAEL',2),(22,'23357','ZANGHI',' GUSTAVO ADOLFO',2),(23,'23431','MUCHAGA',' NORA PATRICIA',1),(24,'23534','INFANZON',' JORGE DANIEL',2),(25,'24121','ESCALERA',' MIGUEL ANGEL',2),(26,'24392','VILARO',' MARIO LAMAS',2),(27,'24393','PATOCO',' OSCAR ALFREDO',2),(28,'24522','ANGELONI',' DANIEL ALBERTO',2),(29,'24544','BONATERRA',' MONICA DEL VAL',1),(30,'24656','ANDRAWOS',' ALEJANDRA',1),(31,'24687','FANTO',' SILVIA NOEMI',1),(32,'24849','PATOCO',' CARLOS DANIEL',2),(33,'24995','CORRALES',' RAUL GUILLERMO',2),(34,'24999','TABORDA',' MARCELO',2),(35,'25053','ECHAVARRIA',' LUIS ALBERTO',2),(36,'25216','MARCUCCI',' ELSA BEATRIZ',1),(37,'25626','GEROLIN',' CARLOS ALBERTO',2),(38,'25703','TOLEDO',' MARCELO ALEJANDRO',2),(39,'25704','GUERRA',' ALDO SERGIO',2),(40,'25711','NICOTRA',' GUILLERMO A.',2),(41,'26330','REQUEJO',' SERGIO ALBERTO',2),(42,'26362','GATTI',' RAUL OSCAR',2),(43,'26455','YADAROLA',' JUAN CARLOS',2),(44,'26527','TEOBALDI',' DANIEL GUSTAVO',2),(45,'26904','DONDIO',' SERGIO ALEJANDRO',2),(46,'26905','LESCANO',' NESTOR CONRADO',2),(47,'27127','BALANZINO',' LUIS EDUARDO',2),(48,'27386','LOMBRONI',' FERNANDO CARLOS',2),(49,'27388','RIVERO',' ROSANNA NOEMI',1),(50,'27475','DIAZ',' MARTHA SUSANA DEL C',1),(51,'27666','MIRANDA',' ADRIAN RUBEN',2),(52,'27763','LOPEZ FABRE',' MARIA GABRIELA',1),(53,'28019','GOR',' GUILLERMO DANIEL',2),(54,'28046','GOMEZ',' MARCELO MARTIN',2),(55,'28126','CIMA',' ALDO JOSE',2),(56,'28312','CEJAS',' EFRAIN GABRIEL',2),(57,'28383','LENCINAS',' ROBERTO EDUARDO',2),(58,'28546','GELONCH',' FRANCISCO JAVIER',2),(59,'28845','VARGAS',' RUBEN HECTOR',2),(60,'29452','MORALES',' ERNESTO MARTIN',2),(61,'29565','FERRERO',' CARLOS ESTEBAN',2),(62,'29732','VELAZQUEZ',' ENRIQUE',2),(63,'29814','MOYA',' HERNAN ENRIQUE',2),(64,'29935','HERRERA',' ANDREA MARTA',1),(65,'30405','LOPEZ',' GUILLERMO M.',2),(66,'30664','GALLARDO',' MARCELO GABRIEL',2),(67,'30714','TORTI',' MIGUEL ANGEL',2),(68,'30909','CASTILLO',' BEATRIZ DEL. C.',1),(69,'30961','CAMINO',' MARIO GUILLERMO',2),(70,'30990','BARRIOS',' MARCELO EMILIO',2),(71,'30991','CANDELA',' MARIA ADELA',1),(72,'31256','DIAZ GAVIER',' MARIA F.',1),(73,'31478','ABDEL MASIH',' JOSE MARIA',2),(74,'31589','GUZMAN',' MARCELO NICOLAS',2),(75,'31591','MASSA',' AGUSTIN ABEL',2),(76,'31637','CABRAL',' AGUSTIN FRANCISCO',2),(77,'31639','JAIME',' MARCELO SANDRO',2),(78,'31649','DEMARIA',' FABIANA ANDREA',1),(79,'31866','GREIFF',' SERGIO GUSTAVO',2),(80,'32040','ALVAREZ',' CECILIA',1),(81,'32041','BRITO',' HUGO EDUARDO',2),(82,'32060','ASTUDILLO',' PABLO DANIEL',2),(83,'32070','FURLAN',' MARIA GINA',1),(84,'32200','DEMMEL',' MARIA MERCEDES',1),(85,'32329','CAMAÑO',' JOSE ERNESTO',2),(86,'32391','ONTIVERO',' MARIO TOMAS',2),(87,'32421','EBOLE',' CARLOS LEONARDO',2),(88,'32628','MONTOYA',' PASTOR  EDUARDO',2),(89,'32842','SANDIN',' DANIEL LUCIO',2),(90,'33037','DAINOTTO',' RODOLFO E.',2),(91,'33063','ARGUELLO',' PABLO',2),(92,'33095','LOPEZ',' JORGE ALBERTO',2),(93,'33206','GARUTTI',' SILVIA MONICA',1),(94,'33251','TAPIA',' JOSE ANTONIO',2),(95,'33515','MARTINEZ',' HERNAN IGNACIO',2),(96,'33804','ROMERO DESPONTIN',' JOSE LUIS',2),(97,'33896','SEVERI',' NORMA BEATRIZ',1),(98,'34019','RUSSO',' PATRICIA ALBA',1),(99,'34095','BRUSCO',' MARIA ALEJANDRA',1),(100,'34381','ROCHA',' MARIA CRISTINA',1),(101,'34391','BIANCHETTIN',' MARISA',1),(102,'34519','ECHAVARRIA',' MARIANA',1),(103,'34538','SYLVESTER',' FEDERICO',2),(104,'34666','GARCIA MONTAÑO',' CAROLINA',1),(105,'34674','CAPOLO',' MARCO ALBERTO',2),(106,'34675','CEBALLOS',' WALTER SILVANO',2),(107,'34679','ROBLEDO',' GERARDO LUCIO',2),(108,'34967','ESTRADA',' FABIAN MARTIN',2),(109,'35003','BAJO',' JUAN MANUEL',2),(110,'35094','VILCHEZ',' GABRIEL ALEJANDRO',2),(111,'35244','GRANERO',' OSCAR ANDRES',2),(112,'36008','MILONE',' JORGE JUAN',2),(113,'36092','FRAGUEIRO',' MIGUEL ANGEL',2),(114,'36405','GARCIA',' ROGELIO MARTIN',2),(115,'36414','MARANGONZIN',' MAXIMILIANO',2),(116,'36655','LAZARTE GAUNA',' RUBEN N.',2),(117,'36724','DEGIORGI',' GABRIELA MARICEL',1),(118,'36754','FORTE',' JORGE ALBERTO',2),(119,'36844','PRADO',' CEFERINO ATILIO',2),(120,'37090','BALDI',' VICTOR FERNANDO',2),(121,'37103','MOISSET DE ESPANES',' GASTON',2),(122,'37104','CIMA GARCIA',' CARLOS E.',2),(123,'37151','FERNANDEZ',' ROBERTO LEANDRO',2),(124,'37170','FERRERO',' MARIANO GUILLERMO',2),(125,'37277','TARBINE',' MARIA ELENA',1),(126,'37339','CARRERAS',' ELVIO ALBERTO',2),(127,'37497','ROBLES',' ENRIQUE CARLOS',2),(128,'37568','PORTELA',' AGUSTIN',2),(129,'37595','BELLESSI',' PEDRO JAVIER',2),(130,'37985','GELOSA',' ERNESTO GABRIEL',2),(131,'38226','SUAREZ',' SEBASTIAN E.',2),(132,'38535','FERRINO',' GABRIELA ELIZ.',1),(133,'38547','BASUALDO',' FLAVIA SILVINA',1),(134,'38834','RAHAL',' MARIA JOSEFINA',1),(135,'38836','GARGIULO',' HEBE ESTER',1),(136,'38838','RUIZ',' BELEN',1),(137,'39089','YUSZCZYK',' GERARDO',2),(138,'39421','GIGENA BASUALDO',' MARIA NOEL',1),(139,'39429','D\' AMICO',' NELIDA DEL VALL',1),(140,'39430','BROCCA',' AGUSTINA MARÍA',1),(141,'39438','CORNET',' MARIA EUGENIA',1),(142,'39448','ALCAZAR',' MARIA JOSÉ',1),(143,'39796','SARTORI',' FEDERICO TULIO',2),(144,'39865','MOYANO',' JOSE IGNACIO',2),(145,'40119','VILLADA',' MARCELA',1),(146,'40143','ALONSO',' MARIO  ALEJANDRO',2),(147,'40473','OLCESE','FRANCISCO',2),(148,'40474','FLORES',' SANTIAGO',2),(149,'40921','SCARAFIA ALTAMIRA',' DIEGO',2),(150,'40923','MADUSSI',' EXEQUIEL ENRIQUE',2),(151,'40924','FERRER   PELLIZA',' FRANCISCO  NICOLAS',2),(152,'41124','GEZMET',' SANDRA GUADALUPE',1),(153,'41427','MARIANI',' LEONARDO ANIBAL',2),(154,'41428','ALVAREZ',' ALEJANDRO DANIEL',2),(155,'41929','BARRALE',' RUBEN DARIO',2),(156,'41931','MENSIO',' SILVIA SUSANA',1),(157,'41932','GONZALEZ ACHAVAL',' MARIA JOSE',1),(158,'41938','HELALE',' GABRIELA AMELIA',1),(159,'42041','RIVERO',' CECILIA DEL VALLE',1),(160,'42056','MANCINI',' LETICIA',1),(161,'42057','LEUCI',' MATIAS MIGUEL',2),(162,'42456','AGHEMO',' FRANCO EZEQUIEL',2),(163,'42652','ORTIZ MORAN',' IGNACIO ADOLFO',2),(164,'42653','SOUBERAN',' SOFIA',1),(165,'42962','BARIO',' VERONICA',1),(166,'43122','COLAZO',' ALVARO MANUEL',2),(167,'43305','ANGILELLO',' SEBASTIAN JOSE',2),(168,'43373','ARDILES',' ROMINA ANABELA',1),(169,'43471','ROMERO',' CESAR FRANCISCO',2),(170,'43901','BONETTO',' GUILLERMO MARIO',2),(171,'43934','FERRERO',' LEANDRO',2),(172,'43935','ULLA',' ROBERTO PASCUAL',2),(173,'43937','FOURCADE',' GRACIELA NOEMI',1),(174,'44012','AMAYA',' ALEJANDRO DEL  VALLE',2),(175,'44118','FERREYRA',' MARIANA',1),(176,'44146','CASINI',' MAXIMILIANO ALBERTO',2),(177,'44147','FERLA  GARCIA',' VICTOR HUGO',2),(178,'44170','BENAVIDES',' MARCELA HAIDÉE',1),(179,'44431','BARROS',' FLORENCIA SOLEDAD',1),(180,'44767','FERREYRA',' YANINA MARIEL',1),(181,'45026','DELICIA',' DARIO DANIEL',2),(182,'45238','GONZALEZ BASTIANO',' VERONICA',1),(183,'45239','MEDINA',' MARIA CRISTINA',1),(184,'45693','CAFURE',' JUAN MANUEL',2),(185,'45707','LEONETTO',' RUBEN CARLOS',2),(186,'45916','ZDERO',' YOHANA BELEN',1),(187,'45997','CARAVELLO',' MARIA JOSE',1),(188,'46100','SALA DIAZ',' MARIANO EZEQUIEL',2),(189,'46101','PACHECO',' SANTIAGO GASTON',2),(190,'46178','ACOSTA',' HERNAN ALFREDO',2),(191,'46666','TIMOSSI',' MARIA BELEN',1),(192,'46667','ROBLEDO',' NATALIA MARCELA',1),(193,'46669','PALMISANO',' MONICA SILVINA',1),(194,'46672','LASCANO BUTELER',' FRANCISCO',2),(195,'46776','RIVAROLA',' MARIA ELISA',1),(196,'46888','CHAIJ',' MARIA PIA',1),(197,'46976','TORRES',' MARIA LUISA',1),(198,'46977','RUIZ DE LOS LLANOS',' OCTAVIO',2),(199,'47010','DI TOFINO',' EXEQUIEL',2),(200,'47116','CARINI',' SILVANA MARIEL',1),(201,'47137','FREYTES',' LUIS MARIA',2),(202,'47213','FERNANDEZ',' MARÍA VICTORIA',1),(203,'47466','BOSCH ALESSIO',' CONSTANZA DANIELA',1),(204,'47473','ZARATE',' JORGE OMAR',2),(205,'47474','DAMIANI',' ANDRES TOMAS',2),(206,'47491','VEGA PONCE',' PAULA',1),(207,'47583','MARIANI',' ANABELLA LETICIA',1),(208,'47584','PIZZI',' MARIO ALBERTO',2),(209,'47733','FITA',' TRISTAN',2),(210,'47751','FRANCO CARDONE',' MARIA EUGENIA',1),(211,'47774','CAEIRO',' ANA ALEJANDRINA',1),(212,'47852','PARODI',' LUCIA HIPATIA',1),(213,'47901','BRIZUELA',' PATRICIA ANGÉLICA',1),(214,'47933','RODRIGUEZ',' JIMENA ALEJANDRA',1),(215,'47940','MATEOS',' CECILIA  INES',1),(216,'47971','VILLAFAÑE',' CECILIA BEATRIZ',1),(217,'48116','SCARCELLA',' DANIEL CARMELO',2),(218,'48193','ARACENA',' ALEJANDRA  MICAELA',1),(219,'48231','LEIVA',' ESTEBAN RAMON',2),(220,'48526','GIMENEZ',' MARIA CONSTANZA',2),(221,'48527','SPINASSI',' MIGUEL ANGEL',2),(222,'48664','TORTONE',' MARIA VICTORIA',1),(223,'48677','CONSTENLA',' MARIA DE LOS REYES',1),(224,'48696','RUPIL',' MARIA VICTORIA',1),(225,'48787','VOLOJ',' DAVID JOEL',2),(226,'48788','AGUIRRE',' CONSTANZA AYELEN',1),(227,'48847','PATRI',' MARIA SOLEDAD',1),(228,'48893','PISONI',' JOSE FRANCISCO',2),(229,'49445','GALAN',' MARIA ANA',1),(230,'49446','PRIMO',' LUCIA',1),(231,'49447','FERRERO',' CARLA VICTORIA',1),(232,'49448','BRICCA',' MARCELA EDITH',1),(233,'49459','CACHAGUA IBAÑEZ',' SILVIA ADRIANA',1),(234,'49489','PALTRINIERI FISSORE',' ANTONELLA',1),(235,'49490','CHINELLATO',' ROCIO BELEN',1),(236,'49491','ÑAÑEZ',' PAOLA VERONICA',1),(237,'49507','MORALES JUAREZ',' CELESTE MARIEL',1),(238,'49508','FUENTES GUTIERREZ',' GISEL NATALI',1),(239,'49509','NORES  MARINO',' MARGARITA',1),(240,'49510','S. D\' AVILA',' JULIAN MATIAS',2),(241,'49521','MINOLDO',' MARIA VICTORIA',1),(242,'49522','ABUD',' AGOSTINA INES',1),(243,'49524','CANTERA',' PABLO  SANTIAGO',2),(244,'49559','FLORES',' ESTEBAN RAFAEL',2),(245,'49560','GUERRERO',' SILVANA BEATRIZ',1),(246,'49581','CUEVAS',' NATALIA FERNANDA',1),(247,'49615','SOLOAGA',' MARIA DE LOS ANGELES',1),(248,'49616','LANCIONI',' JUAN NOLBERTO',2),(249,'49718','DIPIERRI',' IRIS CAROLINA',1),(250,'49734','GOMEZ BUSANICHE',' JIMENA',1),(251,'49810','ARIAS',' MANUEL',2),(252,'49824','BRESSAN',' GINETTE ALEXIA',1),(253,'49918','AGUERO SOLIS',' AMPARO',1),(254,'50013','SONZINI ASTUDILLO',' SIXTO JOSE',2),(255,'50303','FORD',' AGUSTIN',2),(256,'50340','GABRIELLI',' MARIA BELEN',1),(257,'50341','VERDU',' JOSE LUIS',2),(258,'50356','MUSCARELLO RAMACCIOT',' PABLO   MARTIN',2),(259,'50515','CRUZ GALARZA',' ALEJANDRA MARISA',1),(260,'50516','SALA DIAZ',' RODRIGO MARTIN',2),(261,'50517','LAYA',' LAURA RITA',1),(262,'50518','PIÑERO',' FLORENCIA GIMENA',1),(263,'50675','BAMBICHA',' RUTH ROSANA DEL V.',1),(264,'50719','TEOBALDI',' SANTIAGO DANIEL',2),(265,'50841','MANZANO FONTAINE',' MARIA ELENA',1),(266,'50842','VILLARRUEL',' CAROLINA DEL VALLE',1),(267,'50845','SANTILLAN',' ELIZABETH ROSARIO',1),(268,'50895','AGUERO PARTYKA',' MELANIA SOLEDAD',1),(269,'50897','SANCHEZ',' CLAUDIA MARCELA',1),(270,'50992','PEREYRA',' GERMAN GUSTAVO',2),(271,'50993','LOMBRONI',' FRANCISCO CARLOS',2),(272,'51327','MAYORGA QUARIN',' LAURA ANDREA',1),(273,'51329','PETRI',' ANDREA',1),(274,'51330','DOLAR',' MATIAS AGUSTIN',2),(275,'51382','FIGUEROA',' FERNANDA LUJAN',1),(276,'51409','YADAROLA',' CAMILA MARIA',1),(277,'51410','LAVANDERA',' MARIA FLORENCIA',1),(278,'51477','KIRIGIN',' VALENTINA SOL',1),(279,'51478','PAGANO',' JERONIMO',2),(280,'51496','PERALTA',' GASTON EDUARDO',2),(281,'51521','SOSA',' GLORIA ANAHI',1),(282,'51522','FERNANDEZ',' SANDRA PATRICIA',1),(283,'51528','LOPEZ',' MARÍA TERESA',1),(284,'51641','DIEZ GUZMAN',' NATALIA MARIEL',1),(285,'51688','ILLANES',' MARIA CANDELARIA',1),(286,'51734','YANTORNO',' DAMIAN',2),(287,'51742','RABINOVICH',' DIANA LUZ',1),(288,'51967','MENOYO',' MAXIMILIANO DANIEL',2),(289,'52332','RIVAROLA',' MARIA VICTORIA',1),(290,'53265','MARTINEZ  GARZON',' FLORENCIA MARIA',1),(291,'53267','BIAZZUTTI',' ORNELLA',1),(292,'53393','ALONSO',' ELISA CELESTE',1),(293,'53394','DOMINGUEZ',' VERONICA MARIA CARLA',1),(294,'53419','ROBLEDO',' MELINA BELEN',1),(295,'53450','CUENCA TAGLE',' MATILDE MARIA',1),(296,'53666','ESCALERA',' MIGUEL ANGEL',2),(297,'53678','FERREYRA',' GRISELDA SILVIA',1),(298,'53815','DEL AGUILA',' MIGUEL ALFREDO',2),(299,'53907','DE  LA FUENTE',' RAUL GUSTAVO',2),(300,'53931','PONCE',' IVANA BELEN',1),(301,'54038','MALDONADO',' LUDMILA',1),(302,'54262','ROMERO',' LUCIA ABIGAIL',1),(303,'54294','BACA',' EVELIN FLORENCIA',1),(304,'54295','LIGORRIA',' MARIA FERNANDA',1),(305,'54380','MUÑOZ',' ALBARO ELIAS',2),(306,'54461','BRIZZI',' MILAGROS TATIANA',1),(307,'54518','RODRIGUEZ MASIN',' LARISA ALDANA',1),(308,'80198','LEDESMA',' MARIA BELEN',1),(309,'80275','GEBAUER',' VERONICA',1),(310,'80516','PANZETTA',' MARIANA E.',1),(311,'81060','CEJAS',' WALTER',2),(312,'53712','Baroffio','noelia lourdes',1),(313,'52539','FERREYRA','MARCOS AGUSTIN',2),(314,'45643','vaca narvaja',' DANIELA MARIANA',1),(315,'','MOLINARI','ESTEFANÍA',1),(316,'53667','SERRANO','ESTEBAN JOEL',2),(317,'52484','ALTAMIRANO','MILENA SOLANGE',1);
/*!40000 ALTER TABLE `docente` ENABLE KEYS */;
UNLOCK TABLES;

--
-- Table structure for table `docentexcomision`
--

DROP TABLE IF EXISTS `docentexcomision`;
/*!40101 SET @saved_cs_client     = @@character_set_client */;
/*!40101 SET character_set_client = utf8 */;
CREATE TABLE `docentexcomision` (
  `id` int(4) NOT NULL AUTO_INCREMENT,
  `docente` int(4) NOT NULL,
  `comision` int(4) NOT NULL,
  `role` int(4) NOT NULL,
  PRIMARY KEY (`id`),
  KEY `docente` (`docente`),
  KEY `comision` (`comision`),
  KEY `role` (`role`),
  KEY `docente_2` (`docente`),
  KEY `comision_2` (`comision`),
  KEY `role_2` (`role`),
  CONSTRAINT `docentexcomision_ibfk_1` FOREIGN KEY (`docente`) REFERENCES `docente` (`id`) ON UPDATE CASCADE,
  CONSTRAINT `docentexcomision_ibfk_2` FOREIGN KEY (`comision`) REFERENCES `comision` (`id`) ON UPDATE CASCADE,
  CONSTRAINT `docentexcomision_ibfk_3` FOREIGN KEY (`role`) REFERENCES `role` (`id`) ON UPDATE CASCADE
) ENGINE=InnoDB AUTO_INCREMENT=2 DEFAULT CHARSET=utf8mb4;
/*!40101 SET character_set_client = @saved_cs_client */;

--
-- Dumping data for table `docentexcomision`
--

LOCK TABLES `docentexcomision` WRITE;
/*!40000 ALTER TABLE `docentexcomision` DISABLE KEYS */;
INSERT INTO `docentexcomision` VALUES (1,188,1,8);
/*!40000 ALTER TABLE `docentexcomision` ENABLE KEYS */;
UNLOCK TABLES;

--
-- Table structure for table `estadoinasistencia`
--

DROP TABLE IF EXISTS `estadoinasistencia`;
/*!40101 SET @saved_cs_client     = @@character_set_client */;
/*!40101 SET character_set_client = utf8 */;
CREATE TABLE `estadoinasistencia` (
  `id` int(4) NOT NULL AUTO_INCREMENT,
  `nombre` varchar(50) NOT NULL,
  PRIMARY KEY (`id`)
) ENGINE=InnoDB AUTO_INCREMENT=6 DEFAULT CHARSET=utf8mb4;
/*!40101 SET character_set_client = @saved_cs_client */;

--
-- Dumping data for table `estadoinasistencia`
--

LOCK TABLES `estadoinasistencia` WRITE;
/*!40000 ALTER TABLE `estadoinasistencia` DISABLE KEYS */;
INSERT INTO `estadoinasistencia` VALUES (1,'Preceptoría - Carga'),(2,'Regencia - Ratificación'),(3,'Regencia - Rectificación'),(4,'Secretaría - Justificación'),(5,'Secretaría - Confirmación');
/*!40000 ALTER TABLE `estadoinasistencia` ENABLE KEYS */;
UNLOCK TABLES;

--
-- Table structure for table `estadoinasistenciaxparte`
--

DROP TABLE IF EXISTS `estadoinasistenciaxparte`;
/*!40101 SET @saved_cs_client     = @@character_set_client */;
/*!40101 SET character_set_client = utf8 */;
CREATE TABLE `estadoinasistenciaxparte` (
  `id` int(4) NOT NULL AUTO_INCREMENT,
  `detalle` varchar(100) DEFAULT NULL,
  `estadoinasistencia` int(4) NOT NULL,
  `fecha` datetime NOT NULL,
  `detalleparte` int(4) NOT NULL,
  `falta` int(4) NOT NULL,
  PRIMARY KEY (`id`),
  KEY `estadoinasistencia` (`estadoinasistencia`),
  KEY `detalleparte` (`detalleparte`),
  KEY `falta` (`falta`),
  CONSTRAINT `estadoinasistenciaxparte_ibfk_1` FOREIGN KEY (`estadoinasistencia`) REFERENCES `estadoinasistencia` (`id`) ON UPDATE CASCADE,
  CONSTRAINT `estadoinasistenciaxparte_ibfk_2` FOREIGN KEY (`detalleparte`) REFERENCES `detalleparte` (`id`) ON UPDATE CASCADE,
  CONSTRAINT `estadoinasistenciaxparte_ibfk_3` FOREIGN KEY (`falta`) REFERENCES `falta` (`id`) ON UPDATE CASCADE
) ENGINE=InnoDB AUTO_INCREMENT=896 DEFAULT CHARSET=utf8mb4;
/*!40101 SET character_set_client = @saved_cs_client */;

--
-- Dumping data for table `estadoinasistenciaxparte`
--

LOCK TABLES `estadoinasistenciaxparte` WRITE;
/*!40000 ALTER TABLE `estadoinasistenciaxparte` DISABLE KEYS */;
INSERT INTO `estadoinasistenciaxparte` VALUES (44,NULL,1,'2019-03-14 07:41:30',44,1),(45,NULL,1,'2019-03-14 07:41:55',45,1),(47,NULL,1,'2019-03-14 09:34:19',47,1),(48,NULL,1,'2019-03-14 09:34:34',48,1),(49,NULL,1,'2019-03-14 09:34:57',49,1),(50,NULL,1,'2019-03-14 09:35:13',50,1),(51,NULL,1,'2019-03-14 09:35:26',51,1),(53,NULL,1,'2019-03-14 10:15:22',53,1),(54,NULL,1,'2019-03-14 10:36:01',54,1),(55,NULL,1,'2019-03-14 10:36:23',55,1),(56,NULL,1,'2019-03-14 10:45:28',56,1),(57,NULL,1,'2019-03-14 10:46:57',57,1),(58,NULL,1,'2019-03-14 11:15:14',58,1),(59,NULL,1,'2019-03-14 13:06:06',59,1),(75,NULL,1,'2019-03-14 16:11:32',75,1),(76,NULL,1,'2019-03-14 16:11:49',76,1),(77,NULL,1,'2019-03-14 17:39:01',77,1),(78,NULL,1,'2019-03-14 17:41:40',78,3),(79,NULL,1,'2019-03-14 17:47:03',79,3),(80,NULL,1,'2019-03-14 17:47:48',80,3),(81,NULL,1,'2019-03-14 17:52:38',81,3),(82,NULL,1,'2019-03-14 18:03:16',82,1),(83,NULL,1,'2019-03-14 19:03:11',83,1),(84,NULL,1,'2019-03-15 08:29:59',84,1),(85,NULL,1,'2019-03-15 08:31:43',85,1),(86,NULL,1,'2019-03-15 08:32:06',86,1),(87,NULL,1,'2019-03-15 08:32:59',87,1),(88,NULL,1,'2019-03-15 08:33:44',88,1),(90,NULL,1,'2019-03-15 08:34:42',90,1),(91,NULL,1,'2019-03-15 08:58:21',91,1),(92,NULL,1,'2019-03-15 08:58:44',92,1),(93,NULL,1,'2019-03-15 08:59:31',93,1),(94,NULL,1,'2019-03-15 09:38:20',94,1),(95,NULL,1,'2019-03-15 09:39:03',95,1),(96,NULL,1,'2019-03-15 09:39:27',96,1),(97,NULL,1,'2019-03-15 10:14:35',97,1),(98,NULL,1,'2019-03-15 10:32:00',98,4),(99,NULL,1,'2019-03-15 10:32:21',99,4),(100,NULL,1,'2019-03-15 10:37:41',100,1),(101,NULL,1,'2019-03-15 10:42:19',101,1),(102,NULL,1,'2019-03-15 10:50:56',102,4),(103,NULL,1,'2019-03-15 11:12:16',103,1),(104,NULL,1,'2019-03-15 11:58:52',104,1),(105,NULL,1,'2019-03-15 12:28:23',105,1),(106,NULL,1,'2019-03-15 12:28:45',106,1),(107,NULL,1,'2019-03-15 12:29:23',107,1),(108,NULL,1,'2019-03-15 12:48:54',108,1),(109,NULL,1,'2019-03-15 12:49:13',109,1),(110,NULL,1,'2019-03-15 12:49:37',110,1),(111,NULL,1,'2019-03-15 12:49:55',111,1),(112,'congreso de la lengua',3,'2019-03-15 12:50:48',104,2),(113,NULL,2,'2019-03-15 12:51:24',104,2),(114,NULL,2,'2019-03-15 12:51:55',87,1),(115,NULL,2,'2019-03-15 12:52:38',49,1),(116,NULL,2,'2019-03-15 12:52:49',107,1),(117,NULL,2,'2019-03-15 12:53:44',100,1),(118,NULL,2,'2019-03-15 12:53:48',103,1),(119,NULL,2,'2019-03-15 12:53:56',93,1),(120,NULL,2,'2019-03-15 12:54:01',95,1),(121,NULL,2,'2019-03-15 12:54:21',96,1),(122,NULL,2,'2019-03-15 12:54:27',88,1),(123,NULL,2,'2019-03-15 12:54:47',99,4),(124,NULL,2,'2019-03-15 12:55:21',98,4),(125,NULL,2,'2019-03-15 12:55:29',85,1),(126,NULL,2,'2019-03-15 12:55:39',86,1),(127,NULL,2,'2019-03-15 12:55:49',94,1),(128,NULL,2,'2019-03-15 12:56:54',97,1),(129,NULL,2,'2019-03-15 12:56:54',101,1),(130,NULL,2,'2019-03-15 12:57:33',84,1),(131,NULL,2,'2019-03-15 12:58:00',102,4),(132,NULL,2,'2019-03-15 12:58:50',108,1),(133,NULL,2,'2019-03-15 13:02:11',109,1),(134,NULL,2,'2019-03-15 13:02:11',110,1),(135,NULL,2,'2019-03-15 13:02:11',111,1),(136,NULL,2,'2019-03-15 13:02:11',105,1),(137,NULL,2,'2019-03-15 13:02:11',106,1),(138,NULL,2,'2019-03-15 13:02:11',54,1),(139,NULL,2,'2019-03-15 13:02:11',55,1),(140,NULL,2,'2019-03-15 13:02:11',57,1),(141,NULL,2,'2019-03-15 13:02:11',44,1),(142,NULL,2,'2019-03-15 13:02:11',45,1),(143,NULL,2,'2019-03-15 13:02:11',47,1),(144,NULL,2,'2019-03-15 13:02:11',48,1),(145,NULL,2,'2019-03-15 13:05:54',90,1),(146,'problema de horario',3,'2019-03-15 13:07:12',56,2),(147,NULL,2,'2019-03-15 13:07:45',56,2),(148,'',3,'2019-03-15 13:13:06',91,2),(149,NULL,2,'2019-03-15 13:13:11',91,2),(150,'',3,'2019-03-15 13:13:25',92,2),(151,NULL,2,'2019-03-15 13:13:29',92,2),(152,NULL,1,'2019-03-15 13:56:32',112,3),(153,NULL,1,'2019-03-15 13:57:40',113,1),(154,NULL,1,'2019-03-15 13:58:18',114,1),(165,'',3,'2019-03-15 14:49:25',112,2),(166,NULL,2,'2019-03-15 14:49:29',112,2),(167,'',3,'2019-03-15 14:49:43',113,2),(168,NULL,2,'2019-03-15 14:49:47',113,2),(169,'',3,'2019-03-15 14:49:56',80,2),(170,NULL,2,'2019-03-15 14:49:59',80,2),(171,'',3,'2019-03-15 14:50:19',114,2),(172,NULL,2,'2019-03-15 14:50:24',114,2),(173,'',3,'2019-03-15 14:53:58',78,2),(174,NULL,2,'2019-03-15 14:54:03',78,2),(175,'',3,'2019-03-15 14:54:13',81,2),(176,NULL,2,'2019-03-15 14:54:18',81,2),(183,NULL,1,'2019-03-15 14:56:44',115,3),(186,NULL,1,'2019-03-15 14:57:55',116,1),(189,NULL,1,'2019-03-15 14:58:19',117,1),(190,'',3,'2019-03-15 14:58:30',115,2),(191,NULL,2,'2019-03-15 14:58:34',115,2),(225,NULL,1,'2019-03-15 15:08:55',118,1),(232,NULL,1,'2019-03-15 15:11:20',119,1),(233,NULL,1,'2019-03-15 15:11:34',120,1),(243,'',3,'2019-03-15 15:14:10',118,2),(244,NULL,2,'2019-03-15 15:14:13',118,2),(247,NULL,2,'2019-03-15 15:15:36',119,1),(248,NULL,2,'2019-03-15 15:15:36',120,1),(249,NULL,2,'2019-03-15 15:15:36',116,1),(250,NULL,2,'2019-03-15 15:15:36',117,1),(251,NULL,2,'2019-03-15 15:15:36',77,1),(252,NULL,2,'2019-03-15 15:15:36',82,1),(253,NULL,2,'2019-03-15 15:15:36',79,3),(254,NULL,2,'2019-03-15 15:15:36',75,1),(255,NULL,2,'2019-03-15 15:15:36',76,1),(256,NULL,2,'2019-03-15 15:15:36',83,1),(278,NULL,1,'2019-03-15 15:23:29',121,1),(279,NULL,1,'2019-03-15 17:39:19',122,3),(280,NULL,1,'2019-03-15 17:42:52',123,1),(281,NULL,1,'2019-03-15 17:43:12',124,1),(282,NULL,1,'2019-03-15 17:48:39',125,1),(283,NULL,1,'2019-03-15 17:48:52',126,1),(284,NULL,1,'2019-03-15 18:25:04',127,3),(285,NULL,1,'2019-03-15 18:25:33',128,1),(286,NULL,1,'2019-03-15 18:26:01',129,1),(287,NULL,1,'2019-03-15 18:44:06',130,1),(288,NULL,1,'2019-03-15 19:06:06',131,1),(289,NULL,1,'2019-03-15 19:24:56',132,1),(290,NULL,1,'2019-03-18 07:38:47',133,1),(291,NULL,1,'2019-03-18 07:39:01',134,1),(292,NULL,1,'2019-03-18 07:39:31',135,1),(293,NULL,1,'2019-03-18 08:02:51',136,1),(294,NULL,1,'2019-03-18 08:03:03',137,1),(295,NULL,1,'2019-03-18 08:55:20',138,1),(296,NULL,1,'2019-03-18 08:55:34',139,1),(297,NULL,1,'2019-03-18 10:36:49',140,1),(298,NULL,1,'2019-03-18 10:37:15',141,1),(299,NULL,1,'2019-03-18 10:37:58',142,4),(300,NULL,1,'2019-03-18 10:45:44',143,1),(301,NULL,1,'2019-03-18 10:46:00',144,1),(302,NULL,1,'2019-03-18 10:46:52',145,1),(303,NULL,1,'2019-03-18 11:15:12',146,4),(304,NULL,2,'2019-03-18 11:27:16',143,1),(305,NULL,2,'2019-03-18 11:27:21',144,1),(306,NULL,2,'2019-03-18 11:27:29',145,1),(307,NULL,2,'2019-03-18 11:27:37',133,1),(308,NULL,2,'2019-03-18 11:27:43',134,1),(309,NULL,2,'2019-03-18 11:27:47',135,1),(310,NULL,2,'2019-03-18 11:27:52',136,1),(311,NULL,2,'2019-03-18 11:27:57',137,1),(312,NULL,2,'2019-03-18 11:28:01',138,1),(313,NULL,2,'2019-03-18 11:28:07',139,1),(314,NULL,2,'2019-03-18 12:07:46',142,4),(315,NULL,2,'2019-03-18 12:07:51',146,4),(316,'SORTEO DE COFRADIAS DE ESTUDIANTINA MONSERRATENSE',3,'2019-03-18 12:08:37',50,2),(317,'SORTEO DE COFRADIAS DE ESTUDIANTINA MONSERRATENSE',3,'2019-03-18 12:08:53',51,2),(318,NULL,2,'2019-03-18 12:09:08',53,1),(319,NULL,2,'2019-03-18 12:09:24',50,2),(320,NULL,2,'2019-03-18 12:09:28',51,2),(321,'',3,'2019-03-18 12:10:03',58,2),(322,NULL,2,'2019-03-18 12:10:08',58,2),(323,'problema de horario',3,'2019-03-18 12:12:53',59,2),(324,NULL,2,'2019-03-18 12:12:57',59,2),(325,NULL,1,'2019-03-18 12:30:20',147,1),(326,NULL,1,'2019-03-18 13:59:41',148,3),(327,NULL,1,'2019-03-18 14:10:51',149,1),(328,NULL,1,'2019-03-18 16:08:37',150,1),(329,NULL,1,'2019-03-18 16:22:30',151,1),(330,NULL,1,'2019-03-18 16:36:13',152,1),(331,NULL,1,'2019-03-18 16:36:36',153,1),(332,NULL,1,'2019-03-18 16:37:38',154,1),(333,NULL,1,'2019-03-18 16:37:49',155,1),(334,NULL,1,'2019-03-18 17:30:43',156,1),(335,NULL,1,'2019-03-18 18:19:09',157,1),(336,NULL,1,'2019-03-18 18:19:30',158,1),(337,NULL,1,'2019-03-18 18:20:32',159,4),(338,NULL,1,'2019-03-18 18:29:04',160,1),(339,NULL,1,'2019-03-18 18:35:55',161,1),(340,NULL,1,'2019-03-18 18:36:37',162,1),(341,NULL,1,'2019-03-18 18:37:10',163,1),(342,NULL,1,'2019-03-18 18:41:16',164,1),(343,NULL,1,'2019-03-18 18:41:41',165,1),(344,NULL,1,'2019-03-19 08:30:25',166,1),(345,NULL,1,'2019-03-19 08:31:10',167,1),(346,NULL,1,'2019-03-19 08:31:41',168,3),(350,NULL,1,'2019-03-19 09:13:42',172,4),(351,NULL,1,'2019-03-19 09:15:13',173,1),(352,NULL,1,'2019-03-19 10:00:07',174,1),(353,NULL,1,'2019-03-19 10:00:31',175,1),(354,NULL,1,'2019-03-19 10:01:54',176,1),(355,NULL,1,'2019-03-19 10:38:47',177,1),(356,NULL,1,'2019-03-19 12:26:05',178,1),(357,NULL,2,'2019-03-19 13:02:38',176,1),(358,NULL,2,'2019-03-19 13:02:58',166,1),(359,NULL,2,'2019-03-19 13:03:02',177,1),(360,NULL,2,'2019-03-19 13:03:07',174,1),(361,NULL,2,'2019-03-19 13:03:12',175,1),(362,NULL,2,'2019-03-19 13:03:17',167,1),(363,NULL,2,'2019-03-19 13:03:39',168,3),(364,'',3,'2019-03-19 13:04:23',147,2),(365,'',3,'2019-03-19 13:04:33',172,2),(366,'',3,'2019-03-19 13:04:44',140,2),(367,'',3,'2019-03-19 13:04:53',141,2),(368,NULL,2,'2019-03-19 13:04:57',147,2),(369,NULL,2,'2019-03-19 13:05:01',172,2),(370,NULL,2,'2019-03-19 13:05:05',140,2),(371,NULL,2,'2019-03-19 13:05:07',141,2),(372,'',3,'2019-03-19 13:05:56',178,2),(373,NULL,2,'2019-03-19 13:06:02',178,2),(374,NULL,2,'2019-03-19 13:06:23',173,1),(375,NULL,1,'2019-03-19 16:36:15',179,1),(376,NULL,1,'2019-03-19 17:49:03',180,1),(377,NULL,1,'2019-03-19 17:49:15',181,1),(378,NULL,1,'2019-03-19 18:47:29',182,1),(379,NULL,1,'2019-03-19 18:52:32',183,1),(380,NULL,1,'2019-03-19 18:52:45',184,1),(381,NULL,1,'2019-03-19 18:54:58',185,1),(382,NULL,1,'2019-03-19 18:55:21',186,1),(383,NULL,1,'2019-03-19 19:23:09',187,3),(384,NULL,1,'2019-03-19 19:24:10',188,3),(385,NULL,1,'2019-03-19 19:24:53',189,1),(386,NULL,1,'2019-03-19 19:25:25',190,1),(387,NULL,1,'2019-03-19 19:25:54',191,1),(388,NULL,1,'2019-03-19 19:26:22',192,1),(390,NULL,1,'2019-03-20 08:34:29',194,1),(391,NULL,1,'2019-03-20 08:34:39',195,1),(392,NULL,1,'2019-03-20 09:35:37',196,1),(393,NULL,1,'2019-03-20 09:35:50',197,1),(394,NULL,1,'2019-03-20 09:36:11',198,1),(395,NULL,1,'2019-03-20 09:36:26',199,1),(396,NULL,1,'2019-03-20 09:36:42',200,1),(397,NULL,1,'2019-03-20 09:40:52',201,1),(398,NULL,1,'2019-03-20 09:41:05',202,1),(399,NULL,1,'2019-03-20 10:13:29',203,1),(400,NULL,1,'2019-03-20 11:47:44',204,1),(401,NULL,1,'2019-03-20 11:47:54',205,1),(402,NULL,1,'2019-03-20 12:03:16',206,1),(403,NULL,1,'2019-03-20 12:04:11',207,1),(404,NULL,1,'2019-03-20 12:04:22',208,1),(405,NULL,1,'2019-03-20 14:12:09',209,1),(406,NULL,1,'2019-03-20 16:47:01',210,1),(407,NULL,1,'2019-03-20 16:54:10',211,3),(408,NULL,1,'2019-03-20 17:00:15',212,1),(409,NULL,1,'2019-03-20 18:37:22',213,1),(410,NULL,1,'2019-03-20 18:37:57',214,1),(411,NULL,1,'2019-03-20 18:38:33',215,1),(412,NULL,1,'2019-03-20 18:39:07',216,1),(413,NULL,1,'2019-03-20 18:39:38',217,1),(414,NULL,1,'2019-03-20 19:26:28',218,1),(415,NULL,2,'2019-03-21 08:02:47',206,1),(416,NULL,2,'2019-03-21 08:02:53',207,1),(417,NULL,2,'2019-03-21 08:02:58',208,1),(418,NULL,2,'2019-03-21 08:03:02',205,1),(419,NULL,2,'2019-03-21 08:03:11',196,1),(420,NULL,2,'2019-03-21 08:03:17',197,1),(421,NULL,2,'2019-03-21 08:04:45',194,1),(422,NULL,2,'2019-03-21 08:04:50',195,1),(423,NULL,2,'2019-03-21 08:04:55',204,1),(424,NULL,2,'2019-03-21 08:05:12',201,1),(425,NULL,2,'2019-03-21 08:05:15',202,1),(426,'problema de horario',3,'2019-03-21 08:05:42',203,2),(427,NULL,2,'2019-03-21 08:05:48',203,2),(428,NULL,1,'2019-03-21 08:24:00',219,3),(429,NULL,1,'2019-03-21 09:19:33',220,1),(430,NULL,1,'2019-03-21 10:56:36',221,1),(431,NULL,1,'2019-03-21 11:21:19',222,1),(432,NULL,1,'2019-03-21 11:21:43',223,1),(433,NULL,1,'2019-03-21 16:21:15',224,1),(434,NULL,1,'2019-03-21 16:21:36',225,1),(435,NULL,1,'2019-03-21 18:29:21',226,3),(436,NULL,1,'2019-03-21 19:13:51',227,3),(439,NULL,1,'2019-03-22 07:03:28',230,1),(440,NULL,1,'2019-03-22 07:03:43',231,1),(441,NULL,1,'2019-03-22 07:58:03',232,1),(442,NULL,1,'2019-03-22 07:58:56',233,1),(443,NULL,1,'2019-03-22 08:11:52',234,1),(444,NULL,1,'2019-03-22 08:12:11',235,1),(445,NULL,1,'2019-03-22 08:12:25',236,1),(446,NULL,1,'2019-03-22 08:12:46',237,1),(447,NULL,1,'2019-03-22 08:13:04',238,1),(448,NULL,1,'2019-03-22 08:13:24',239,4),(449,NULL,1,'2019-03-22 09:44:10',240,1),(450,NULL,1,'2019-03-22 09:44:33',241,1),(451,NULL,1,'2019-03-22 09:44:59',242,1),(452,NULL,1,'2019-03-22 09:45:24',243,1),(453,NULL,1,'2019-03-22 09:46:43',244,1),(454,NULL,1,'2019-03-22 09:47:13',245,1),(455,NULL,2,'2019-03-22 10:25:21',240,1),(456,NULL,2,'2019-03-22 10:25:26',241,1),(457,'congreso de la lengua',3,'2019-03-22 10:26:11',244,2),(458,'congreso de la lengua',3,'2019-03-22 10:26:24',245,2),(459,NULL,2,'2019-03-22 10:26:29',244,2),(460,NULL,2,'2019-03-22 10:26:32',245,2),(462,NULL,2,'2019-03-22 10:26:54',232,1),(463,NULL,2,'2019-03-22 10:26:59',233,1),(464,NULL,2,'2019-03-22 10:27:06',234,1),(465,'congreso de la lengua',3,'2019-03-22 10:27:18',237,2),(466,'congreso de la lengua',3,'2019-03-22 10:27:28',238,2),(467,NULL,2,'2019-03-22 10:27:35',237,2),(468,NULL,2,'2019-03-22 10:27:39',238,2),(469,NULL,2,'2019-03-22 10:27:54',239,4),(471,NULL,2,'2019-03-22 10:28:11',230,1),(472,NULL,2,'2019-03-22 10:28:16',231,1),(473,NULL,2,'2019-03-22 10:28:37',236,1),(474,NULL,2,'2019-03-22 10:28:41',242,1),(475,NULL,2,'2019-03-22 10:28:45',243,1),(476,NULL,2,'2019-03-22 10:28:49',235,1),(477,NULL,2,'2019-03-22 10:28:54',222,1),(478,NULL,2,'2019-03-22 10:28:58',223,1),(479,NULL,2,'2019-03-22 10:29:07',219,3),(480,NULL,2,'2019-03-22 10:29:12',221,1),(481,NULL,2,'2019-03-22 10:29:22',220,1),(483,NULL,2,'2019-03-22 10:29:49',198,1),(484,NULL,2,'2019-03-22 10:29:52',199,1),(485,NULL,2,'2019-03-22 10:29:56',200,1),(487,NULL,1,'2019-03-22 10:51:35',247,1),(488,NULL,1,'2019-03-22 11:23:46',248,1),(489,NULL,4,'2019-03-22 11:26:43',83,1),(490,NULL,4,'2019-03-22 11:38:14',82,1),(491,NULL,4,'2019-03-22 11:39:42',77,1),(492,NULL,4,'2019-03-22 11:40:03',75,1),(493,NULL,4,'2019-03-22 11:43:09',76,1),(494,NULL,4,'2019-03-22 11:46:26',53,1),(495,NULL,1,'2019-03-22 12:04:38',249,1),(496,NULL,4,'2019-03-22 13:22:33',232,1),(497,NULL,4,'2019-03-22 13:23:03',233,1),(498,NULL,4,'2019-03-22 13:56:11',240,1),(499,NULL,4,'2019-03-22 13:56:51',241,1),(500,NULL,4,'2019-03-22 13:57:01',221,1),(501,NULL,1,'2019-03-22 14:50:00',250,1),(502,NULL,1,'2019-03-22 14:50:13',251,1),(503,NULL,1,'2019-03-22 15:49:52',252,1),(504,NULL,1,'2019-03-22 15:50:47',253,4),(505,NULL,1,'2019-03-22 15:51:16',254,1),(506,NULL,1,'2019-03-22 15:51:43',255,1),(507,NULL,1,'2019-03-22 15:56:26',256,3),(508,NULL,1,'2019-03-22 15:58:25',257,1),(509,NULL,1,'2019-03-22 17:40:07',258,1),(510,NULL,1,'2019-03-22 18:32:49',259,1),(511,NULL,1,'2019-03-22 18:51:45',260,1),(513,NULL,1,'2019-03-22 18:52:32',262,1),(514,NULL,1,'2019-03-22 18:56:11',263,1),(515,NULL,1,'2019-03-22 19:01:29',264,1),(516,NULL,1,'2019-03-22 19:01:42',265,1),(517,NULL,1,'2019-03-22 19:01:55',266,1),(518,NULL,1,'2019-03-22 19:25:25',267,1),(519,NULL,1,'2019-03-22 19:26:07',268,1),(520,NULL,1,'2019-03-22 19:26:48',269,1),(521,NULL,4,'2019-03-25 08:41:23',237,2),(522,NULL,4,'2019-03-25 08:41:35',245,2),(523,NULL,4,'2019-03-25 08:42:30',238,2),(524,NULL,4,'2019-03-25 08:42:30',244,2),(525,NULL,4,'2019-03-25 08:42:30',203,2),(526,NULL,4,'2019-03-25 08:42:30',178,2),(527,NULL,4,'2019-03-25 08:42:30',141,2),(528,NULL,4,'2019-03-25 08:42:30',147,2),(529,NULL,4,'2019-03-25 08:42:30',172,2),(530,NULL,4,'2019-03-25 08:42:30',140,2),(531,NULL,4,'2019-03-25 08:42:30',104,2),(532,NULL,4,'2019-03-25 08:42:30',115,2),(533,NULL,4,'2019-03-25 08:42:30',118,2),(534,NULL,4,'2019-03-25 08:42:30',91,2),(535,NULL,4,'2019-03-25 08:42:30',92,2),(536,NULL,4,'2019-03-25 08:42:30',50,2),(537,NULL,4,'2019-03-25 08:42:30',51,2),(538,NULL,4,'2019-03-25 08:42:30',56,2),(539,NULL,4,'2019-03-25 08:42:30',58,2),(540,NULL,4,'2019-03-25 08:42:30',59,2),(541,NULL,4,'2019-03-25 08:42:30',112,2),(542,NULL,4,'2019-03-25 08:42:30',78,2),(543,NULL,4,'2019-03-25 08:42:30',113,2),(544,NULL,4,'2019-03-25 08:42:30',114,2),(545,NULL,4,'2019-03-25 08:42:30',80,2),(546,NULL,4,'2019-03-25 08:42:30',81,2),(547,NULL,4,'2019-03-25 08:50:16',196,1),(548,NULL,4,'2019-03-25 08:50:16',197,1),(549,NULL,4,'2019-03-25 08:50:16',204,1),(550,NULL,4,'2019-03-25 08:50:16',166,1),(551,NULL,4,'2019-03-25 08:50:17',167,1),(552,NULL,4,'2019-03-25 08:50:17',90,1),(553,NULL,4,'2019-03-25 08:50:17',44,1),(554,NULL,4,'2019-03-25 08:50:17',45,1),(555,NULL,4,'2019-03-25 08:50:17',57,1),(557,NULL,4,'2019-03-25 09:14:59',230,1),(558,NULL,4,'2019-03-25 09:14:59',231,1),(559,NULL,4,'2019-03-25 09:27:34',234,1),(560,NULL,4,'2019-03-25 10:42:38',94,1),(561,NULL,4,'2019-03-25 10:42:38',97,1),(562,NULL,4,'2019-03-25 10:42:38',101,1),(563,NULL,4,'2019-03-25 10:42:38',107,1),(564,NULL,4,'2019-03-25 10:46:11',133,1),(565,NULL,4,'2019-03-25 10:46:11',134,1),(566,NULL,4,'2019-03-25 10:46:11',135,1),(567,NULL,4,'2019-03-25 10:50:36',93,1),(568,NULL,4,'2019-03-25 10:50:36',95,1),(569,NULL,4,'2019-03-25 10:50:36',96,1),(570,NULL,4,'2019-03-25 10:50:36',100,1),(571,NULL,4,'2019-03-25 10:50:36',103,1),(572,NULL,4,'2019-03-26 09:51:11',116,1),(573,NULL,4,'2019-03-26 09:51:11',117,1),(574,NULL,4,'2019-03-28 08:58:35',235,1),(575,NULL,4,'2019-03-28 08:58:35',236,1),(576,NULL,4,'2019-03-28 08:58:35',242,1),(577,NULL,4,'2019-03-28 08:58:35',243,1),(578,NULL,4,'2019-03-28 09:17:45',205,1),(579,NULL,4,'2019-03-28 09:17:45',206,1),(580,NULL,4,'2019-03-28 09:17:45',207,1),(581,NULL,4,'2019-03-28 09:17:45',208,1),(582,NULL,4,'2019-03-28 09:20:10',174,1),(583,NULL,4,'2019-03-28 09:20:10',175,1),(584,NULL,4,'2019-03-28 09:20:10',176,1),(585,NULL,4,'2019-03-28 09:20:10',177,1),(586,NULL,4,'2019-03-28 15:51:24',136,1),(587,NULL,4,'2019-03-28 15:51:24',137,1),(588,NULL,4,'2019-03-28 15:51:24',138,1),(589,NULL,4,'2019-03-28 15:51:24',139,1),(590,'',3,'2019-03-29 13:08:09',263,2),(591,NULL,2,'2019-03-29 13:08:25',263,2),(592,'',3,'2019-03-29 13:08:39',256,2),(593,'',3,'2019-03-29 13:08:46',257,2),(594,'',3,'2019-03-29 13:09:04',267,2),(595,'',3,'2019-03-29 13:09:12',268,2),(596,'',3,'2019-03-29 13:09:23',269,2),(597,'',3,'2019-03-29 13:10:01',226,2),(598,'',3,'2019-03-29 13:10:32',218,2),(599,'',3,'2019-03-29 13:10:46',214,2),(600,'',3,'2019-03-29 13:11:02',214,1),(601,'',3,'2019-03-29 13:12:01',215,2),(602,'',3,'2019-03-29 13:12:20',216,2),(603,'',3,'2019-03-29 13:14:08',209,2),(604,'',3,'2019-03-29 13:14:34',210,2),(605,'',3,'2019-03-29 13:14:54',211,2),(606,'',3,'2019-03-29 13:16:24',150,2),(607,'',3,'2019-03-29 13:16:48',128,2),(608,'',3,'2019-03-29 13:17:10',161,2),(609,'',3,'2019-03-29 13:17:55',121,2),(610,'',3,'2019-03-29 13:18:15',132,2),(611,'',3,'2019-03-29 13:18:49',125,2),(612,NULL,2,'2019-03-29 13:19:22',125,2),(613,NULL,2,'2019-03-29 13:19:28',256,2),(614,NULL,2,'2019-03-29 13:19:38',257,2),(615,NULL,2,'2019-03-29 13:19:41',267,2),(616,NULL,2,'2019-03-29 13:19:48',268,2),(617,NULL,2,'2019-03-29 13:19:51',269,2),(618,NULL,2,'2019-03-29 14:22:52',250,1),(619,NULL,2,'2019-03-29 14:22:56',251,1),(620,NULL,2,'2019-03-29 14:23:00',254,1),(621,'',3,'2019-03-29 14:23:21',255,2),(622,NULL,2,'2019-03-29 14:23:29',255,2),(623,NULL,2,'2019-03-29 14:23:32',258,1),(624,'',3,'2019-03-29 14:23:59',259,2),(625,'',3,'2019-03-29 14:23:59',259,2),(626,NULL,2,'2019-03-29 14:24:03',259,2),(627,NULL,2,'2019-03-29 14:24:08',227,3),(628,NULL,2,'2019-03-29 14:24:12',226,2),(629,NULL,2,'2019-03-29 14:24:15',224,1),(630,NULL,2,'2019-03-29 14:24:19',225,1),(631,NULL,2,'2019-03-29 14:24:21',212,1),(632,NULL,2,'2019-03-29 14:24:24',209,2),(633,'',3,'2019-03-29 14:25:38',213,2),(634,NULL,2,'2019-03-29 14:25:44',213,2),(635,NULL,2,'2019-03-29 14:25:46',214,1),(636,NULL,2,'2019-03-29 14:25:49',215,2),(637,NULL,2,'2019-03-29 14:25:54',217,1),(638,NULL,2,'2019-03-29 14:25:58',252,4),(639,NULL,2,'2019-03-29 14:26:01',253,4),(640,NULL,2,'2019-03-29 14:26:05',216,2),(641,NULL,2,'2019-03-29 14:26:08',211,2),(642,NULL,2,'2019-03-29 14:26:11',218,2),(643,NULL,2,'2019-03-29 14:26:14',210,2),(644,NULL,2,'2019-03-29 14:26:16',185,1),(645,NULL,2,'2019-03-29 14:26:19',186,1),(646,NULL,2,'2019-03-29 14:26:22',179,1),(647,NULL,2,'2019-03-29 14:26:24',182,1),(648,NULL,2,'2019-03-29 14:26:27',189,1),(649,NULL,2,'2019-03-29 14:26:30',187,3),(650,NULL,2,'2019-03-29 14:26:33',192,1),(651,NULL,2,'2019-03-29 14:26:36',188,3),(652,NULL,2,'2019-03-29 14:26:39',190,1),(653,NULL,2,'2019-03-29 14:26:42',191,1),(654,NULL,2,'2019-03-29 14:26:45',180,1),(655,NULL,2,'2019-03-29 14:26:48',181,1),(656,NULL,2,'2019-03-29 14:26:50',183,1),(657,NULL,2,'2019-03-29 14:26:53',184,1),(658,NULL,2,'2019-03-29 14:26:57',161,2),(659,NULL,2,'2019-03-29 14:27:00',162,1),(660,NULL,2,'2019-03-29 14:27:02',163,1),(661,NULL,2,'2019-03-29 14:27:05',157,1),(662,NULL,2,'2019-03-29 14:27:07',158,1),(663,NULL,2,'2019-03-29 14:27:09',159,4),(664,NULL,2,'2019-03-29 14:27:11',160,1),(665,NULL,2,'2019-03-29 14:27:16',151,1),(666,NULL,2,'2019-03-29 14:27:18',154,1),(667,NULL,2,'2019-03-29 14:27:21',155,1),(668,NULL,2,'2019-03-29 14:27:28',156,1),(669,NULL,2,'2019-03-29 14:27:32',152,1),(670,NULL,2,'2019-03-29 14:27:35',149,1),(671,NULL,2,'2019-03-29 14:27:37',153,1),(672,NULL,2,'2019-03-29 14:27:40',164,1),(673,NULL,2,'2019-03-29 14:27:42',165,1),(674,NULL,2,'2019-03-29 14:27:45',150,2),(675,NULL,2,'2019-03-29 14:27:50',122,3),(676,NULL,2,'2019-03-29 14:27:52',123,1),(677,NULL,2,'2019-03-29 14:27:55',124,1),(678,NULL,2,'2019-03-29 14:27:57',126,1),(679,NULL,2,'2019-03-29 14:28:00',127,3),(680,NULL,2,'2019-03-29 14:28:07',129,1),(681,NULL,2,'2019-03-29 14:28:13',130,1),(682,NULL,2,'2019-03-29 14:28:20',131,1),(683,NULL,2,'2019-03-29 14:28:23',148,3),(684,NULL,2,'2019-03-29 14:28:26',121,2),(685,NULL,2,'2019-03-29 14:28:28',128,2),(686,NULL,2,'2019-03-29 14:28:30',132,2),(687,NULL,1,'2019-04-01 07:09:48',270,1),(688,NULL,1,'2019-04-01 07:10:05',271,1),(690,NULL,1,'2019-04-01 08:04:57',273,1),(691,NULL,1,'2019-04-01 08:05:14',274,1),(692,NULL,1,'2019-04-01 08:27:00',275,1),(693,NULL,1,'2019-04-01 08:27:15',276,1),(694,NULL,1,'2019-04-01 08:27:38',277,1),(695,NULL,1,'2019-04-01 08:27:58',278,1),(696,NULL,1,'2019-04-01 08:39:47',279,1),(697,NULL,1,'2019-04-01 08:40:17',280,1),(698,NULL,1,'2019-04-01 08:40:49',281,1),(699,NULL,1,'2019-04-01 08:41:15',282,1),(700,NULL,1,'2019-04-01 09:28:56',283,1),(701,NULL,1,'2019-04-01 10:10:17',284,1),(704,NULL,1,'2019-04-01 10:31:01',287,1),(705,NULL,1,'2019-04-01 10:31:20',288,1),(706,NULL,1,'2019-04-01 10:31:34',289,1),(707,NULL,1,'2019-04-01 10:31:53',290,1),(708,NULL,1,'2019-04-01 12:33:51',291,1),(709,NULL,1,'2019-04-01 13:47:15',292,1),(710,NULL,1,'2019-04-01 13:47:41',293,1),(711,NULL,1,'2019-04-01 15:13:03',294,3),(712,NULL,1,'2019-04-01 17:29:32',295,1),(713,NULL,1,'2019-04-01 17:30:01',296,1),(714,NULL,1,'2019-04-01 17:30:48',297,1),(715,NULL,1,'2019-04-01 17:31:54',298,1),(716,NULL,1,'2019-04-01 17:32:35',299,1),(717,NULL,1,'2019-04-01 17:33:04',300,1),(718,NULL,1,'2019-04-01 18:46:43',301,1),(719,NULL,1,'2019-04-01 18:47:17',302,1),(720,NULL,1,'2019-04-03 09:55:43',303,1),(722,NULL,1,'2019-04-03 10:44:37',305,1),(723,NULL,1,'2019-04-03 11:11:55',306,1),(724,NULL,1,'2019-04-03 11:13:06',307,1),(726,NULL,1,'2019-04-03 12:07:47',309,3),(727,NULL,1,'2019-04-03 12:28:42',310,1),(728,NULL,1,'2019-04-03 12:41:11',311,1),(729,NULL,1,'2019-04-03 12:41:36',312,1),(731,NULL,1,'2019-04-03 13:40:50',314,1),(732,NULL,1,'2019-04-03 13:41:09',315,1),(733,NULL,1,'2019-04-03 13:41:22',316,1),(734,NULL,1,'2019-04-03 13:51:43',317,3),(735,NULL,1,'2019-04-03 13:55:34',318,1),(737,NULL,1,'2019-04-03 15:06:26',320,3),(738,NULL,1,'2019-04-03 15:07:03',321,1),(739,NULL,1,'2019-04-03 15:44:59',322,1),(740,NULL,1,'2019-04-03 16:05:41',323,1),(741,NULL,1,'2019-04-03 16:06:13',324,1),(742,NULL,1,'2019-04-03 16:07:05',325,1),(743,NULL,1,'2019-04-03 17:20:05',326,1),(744,NULL,1,'2019-04-03 17:20:34',327,1),(745,NULL,1,'2019-04-03 18:46:30',328,1),(746,NULL,1,'2019-04-03 18:46:56',329,1),(747,NULL,1,'2019-04-03 18:47:11',330,1),(748,NULL,1,'2019-04-03 19:03:41',331,1),(749,NULL,1,'2019-04-03 19:24:00',332,3),(750,NULL,2,'2019-04-04 07:01:03',303,1),(751,NULL,2,'2019-04-04 07:01:27',306,1),(752,'reunion de departamentos con direccion',3,'2019-04-04 07:02:13',307,2),(753,NULL,2,'2019-04-04 07:02:22',307,2),(754,'reunion de departamentos con direccion',3,'2019-04-04 07:02:40',305,2),(755,NULL,2,'2019-04-04 07:02:45',305,2),(756,'reunion de departamentos con direccion',3,'2019-04-04 07:02:56',309,2),(757,NULL,2,'2019-04-04 07:03:01',309,2),(759,NULL,2,'2019-04-04 07:03:13',311,1),(760,'',3,'2019-04-04 07:03:34',312,2),(761,NULL,2,'2019-04-04 07:03:38',312,2),(762,'reunion de departamentos con direccion',3,'2019-04-04 07:03:56',310,2),(763,NULL,2,'2019-04-04 07:04:02',310,2),(764,NULL,2,'2019-04-04 07:04:10',279,1),(765,NULL,2,'2019-04-04 07:04:17',280,1),(766,NULL,2,'2019-04-04 07:04:35',281,1),(767,'reunion de departamentos con direccion',3,'2019-04-04 07:04:48',282,2),(768,NULL,2,'2019-04-04 07:04:57',282,2),(769,NULL,2,'2019-04-04 07:05:01',270,1),(770,NULL,2,'2019-04-04 07:05:07',271,1),(772,NULL,2,'2019-04-04 07:05:21',273,1),(773,NULL,2,'2019-04-04 07:05:24',274,1),(774,NULL,2,'2019-04-04 07:05:27',291,1),(775,NULL,2,'2019-04-04 07:05:31',287,1),(776,NULL,2,'2019-04-04 07:05:35',290,1),(777,NULL,2,'2019-04-04 07:05:39',277,1),(778,NULL,2,'2019-04-04 07:05:42',278,1),(779,NULL,2,'2019-04-04 07:05:45',275,1),(780,NULL,2,'2019-04-04 07:05:50',276,1),(781,NULL,2,'2019-04-04 07:05:55',288,1),(782,NULL,2,'2019-04-04 07:05:58',289,1),(783,NULL,2,'2019-04-04 07:06:02',283,1),(784,NULL,2,'2019-04-04 07:06:06',284,1),(785,'',3,'2019-04-04 07:06:30',247,2),(786,NULL,2,'2019-04-04 07:06:35',247,2),(787,NULL,2,'2019-04-04 07:06:41',248,1),(788,'',3,'2019-04-04 07:06:53',249,2),(789,NULL,2,'2019-04-04 07:06:58',249,2),(790,NULL,2,'2019-04-04 07:07:11',260,1),(791,NULL,2,'2019-04-04 07:07:14',262,1),(792,NULL,2,'2019-04-04 07:07:17',264,1),(793,NULL,2,'2019-04-04 07:07:20',265,1),(794,NULL,2,'2019-04-04 07:07:23',266,1),(795,NULL,1,'2019-04-04 08:18:38',333,1),(796,NULL,1,'2019-04-04 08:33:35',334,1),(797,NULL,1,'2019-04-04 08:34:32',335,1),(798,NULL,1,'2019-04-04 08:36:41',336,4),(799,NULL,1,'2019-04-04 08:54:10',337,1),(800,NULL,1,'2019-04-04 08:54:31',338,1),(801,NULL,1,'2019-04-04 09:06:59',339,3),(802,NULL,1,'2019-04-04 10:25:09',340,1),(803,NULL,1,'2019-04-04 10:56:30',341,1),(804,NULL,1,'2019-04-04 10:56:46',342,1),(805,NULL,1,'2019-04-04 10:57:01',343,1),(806,NULL,1,'2019-04-04 11:58:55',344,1),(807,NULL,1,'2019-04-04 11:59:56',345,1),(808,NULL,1,'2019-04-04 12:18:49',346,1),(809,NULL,1,'2019-04-04 12:30:59',347,1),(810,NULL,1,'2019-04-04 13:29:53',348,1),(811,NULL,1,'2019-04-04 13:30:20',349,1),(812,NULL,1,'2019-04-04 13:30:56',350,1),(813,NULL,1,'2019-04-04 13:35:10',351,1),(814,NULL,1,'2019-04-04 13:35:24',352,1),(815,NULL,1,'2019-04-04 13:35:43',353,1),(816,NULL,1,'2019-04-04 13:35:47',354,1),(817,NULL,1,'2019-04-04 13:50:14',355,3),(818,NULL,1,'2019-04-04 14:14:42',356,1),(819,'',3,'2019-04-04 15:44:56',294,2),(820,'',3,'2019-04-04 15:46:14',316,2),(821,'',3,'2019-04-04 15:46:24',315,2),(822,'',3,'2019-04-04 15:46:33',314,2),(823,'',3,'2019-04-04 15:52:19',330,2),(824,'',3,'2019-04-04 15:52:38',324,2),(825,'',3,'2019-04-04 15:52:48',323,2),(826,'',3,'2019-04-04 15:53:03',325,2),(827,'',3,'2019-04-04 15:53:30',320,2),(828,'',3,'2019-04-04 15:53:40',322,2),(829,'',3,'2019-04-04 15:53:48',321,2),(830,'',3,'2019-04-04 15:54:12',331,2),(831,'',3,'2019-04-04 15:54:22',318,2),(832,'',3,'2019-04-04 15:54:45',348,2),(833,'',3,'2019-04-04 15:54:52',349,2),(834,'',3,'2019-04-04 15:54:57',356,2),(835,NULL,1,'2019-04-04 15:59:27',357,1),(836,NULL,1,'2019-04-04 15:59:48',358,1),(837,NULL,1,'2019-04-04 16:00:48',359,1),(838,NULL,2,'2019-04-04 16:02:02',348,2),(839,NULL,2,'2019-04-04 16:02:07',349,2),(840,'',3,'2019-04-04 16:05:08',330,1),(841,'',3,'2019-04-04 16:05:48',330,2),(842,'',3,'2019-04-04 16:07:10',358,2),(843,NULL,2,'2019-04-04 16:07:34',350,1),(844,NULL,2,'2019-04-04 16:07:37',356,2),(845,NULL,2,'2019-04-04 16:07:39',357,1),(846,NULL,2,'2019-04-04 16:07:41',358,2),(847,NULL,2,'2019-04-04 16:07:44',351,1),(848,NULL,2,'2019-04-04 16:07:45',352,1),(849,NULL,2,'2019-04-04 16:07:47',353,1),(850,NULL,2,'2019-04-04 16:07:50',355,3),(851,NULL,2,'2019-04-04 16:07:52',354,1),(852,NULL,2,'2019-04-04 16:07:54',327,1),(853,NULL,2,'2019-04-04 16:07:56',321,2),(854,NULL,2,'2019-04-04 16:08:01',359,1),(855,NULL,2,'2019-04-04 16:08:04',322,2),(856,NULL,2,'2019-04-04 16:08:06',320,2),(857,NULL,2,'2019-04-04 16:08:13',317,3),(858,NULL,2,'2019-04-04 16:08:16',332,3),(859,NULL,2,'2019-04-04 16:08:19',328,1),(860,NULL,2,'2019-04-04 16:09:23',329,1),(861,NULL,2,'2019-04-04 16:09:25',318,2),(862,NULL,2,'2019-04-04 16:09:27',331,2),(863,NULL,2,'2019-04-04 16:09:29',326,1),(864,NULL,2,'2019-04-04 16:09:31',325,2),(865,NULL,2,'2019-04-04 16:09:33',323,2),(866,NULL,2,'2019-04-04 16:09:35',324,2),(867,NULL,2,'2019-04-04 16:09:36',330,2),(868,NULL,2,'2019-04-04 16:09:38',297,1),(869,NULL,2,'2019-04-04 16:09:40',299,1),(870,NULL,2,'2019-04-04 16:09:41',300,1),(871,NULL,2,'2019-04-04 16:09:44',295,1),(872,NULL,2,'2019-04-04 16:09:46',292,1),(873,NULL,2,'2019-04-04 16:09:56',293,1),(874,NULL,2,'2019-04-04 16:09:59',296,1),(875,NULL,2,'2019-04-04 16:10:00',298,1),(876,NULL,2,'2019-04-04 16:10:03',301,1),(877,NULL,2,'2019-04-04 16:10:05',302,1),(878,NULL,2,'2019-04-04 16:10:06',294,2),(879,NULL,2,'2019-04-04 16:10:08',314,2),(880,NULL,2,'2019-04-04 16:10:10',315,2),(881,NULL,2,'2019-04-04 16:10:12',316,2),(882,NULL,1,'2019-04-04 16:24:30',360,1),(883,NULL,1,'2019-04-04 16:37:09',361,1),(884,'',3,'2019-04-04 17:15:35',360,2),(885,NULL,2,'2019-04-04 17:15:45',361,1),(886,NULL,2,'2019-04-04 17:15:48',360,2),(887,NULL,1,'2019-04-04 17:22:09',362,1),(888,NULL,1,'2019-04-04 17:22:23',363,1),(889,NULL,1,'2019-04-04 17:36:16',364,4),(890,NULL,1,'2019-04-04 17:36:34',365,1),(891,NULL,1,'2019-04-04 17:36:54',366,1),(892,NULL,1,'2019-04-04 18:12:18',367,1),(893,NULL,1,'2019-04-04 18:32:56',368,3),(894,NULL,1,'2019-04-04 19:36:32',369,1),(895,NULL,1,'2019-04-04 19:37:17',370,3);
/*!40000 ALTER TABLE `estadoinasistenciaxparte` ENABLE KEYS */;
UNLOCK TABLES;

--
-- Table structure for table `estadomatricula`
--

DROP TABLE IF EXISTS `estadomatricula`;
/*!40101 SET @saved_cs_client     = @@character_set_client */;
/*!40101 SET character_set_client = utf8 */;
CREATE TABLE `estadomatricula` (
  `id` int(4) NOT NULL AUTO_INCREMENT,
  `nombre` varchar(50) NOT NULL,
  PRIMARY KEY (`id`)
) ENGINE=InnoDB AUTO_INCREMENT=4 DEFAULT CHARSET=utf8mb4;
/*!40101 SET character_set_client = @saved_cs_client */;

--
-- Dumping data for table `estadomatricula`
--

LOCK TABLES `estadomatricula` WRITE;
/*!40000 ALTER TABLE `estadomatricula` DISABLE KEYS */;
INSERT INTO `estadomatricula` VALUES (1,'REGULAR'),(2,'LIBRE'),(3,'APROBADA');
/*!40000 ALTER TABLE `estadomatricula` ENABLE KEYS */;
UNLOCK TABLES;

--
-- Table structure for table `estadonovedad`
--

DROP TABLE IF EXISTS `estadonovedad`;
/*!40101 SET @saved_cs_client     = @@character_set_client */;
/*!40101 SET character_set_client = utf8 */;
CREATE TABLE `estadonovedad` (
  `id` int(11) NOT NULL AUTO_INCREMENT,
  `nombre` varchar(40) NOT NULL,
  PRIMARY KEY (`id`)
) ENGINE=InnoDB AUTO_INCREMENT=5 DEFAULT CHARSET=utf8mb4;
/*!40101 SET character_set_client = @saved_cs_client */;

--
-- Dumping data for table `estadonovedad`
--

LOCK TABLES `estadonovedad` WRITE;
/*!40000 ALTER TABLE `estadonovedad` DISABLE KEYS */;
INSERT INTO `estadonovedad` VALUES (1,'Activo'),(2,'Inactivo'),(3,'Activo'),(4,'Procesado');
/*!40000 ALTER TABLE `estadonovedad` ENABLE KEYS */;
UNLOCK TABLES;

--
-- Table structure for table `extension`
--

DROP TABLE IF EXISTS `extension`;
/*!40101 SET @saved_cs_client     = @@character_set_client */;
/*!40101 SET character_set_client = utf8 */;
CREATE TABLE `extension` (
  `id` int(4) NOT NULL AUTO_INCREMENT,
  `nombre` varchar(25) NOT NULL,
  PRIMARY KEY (`id`)
) ENGINE=InnoDB AUTO_INCREMENT=3 DEFAULT CHARSET=utf8mb4;
/*!40101 SET character_set_client = @saved_cs_client */;

--
-- Dumping data for table `extension`
--

LOCK TABLES `extension` WRITE;
/*!40000 ALTER TABLE `extension` DISABLE KEYS */;
INSERT INTO `extension` VALUES (1,'Simple'),(2,'Doble');
/*!40000 ALTER TABLE `extension` ENABLE KEYS */;
UNLOCK TABLES;

--
-- Table structure for table `falta`
--

DROP TABLE IF EXISTS `falta`;
/*!40101 SET @saved_cs_client     = @@character_set_client */;
/*!40101 SET character_set_client = utf8 */;
CREATE TABLE `falta` (
  `id` int(8) NOT NULL AUTO_INCREMENT,
  `nombre` varchar(25) NOT NULL,
  PRIMARY KEY (`id`)
) ENGINE=InnoDB AUTO_INCREMENT=5 DEFAULT CHARSET=latin1;
/*!40101 SET character_set_client = @saved_cs_client */;

--
-- Dumping data for table `falta`
--

LOCK TABLES `falta` WRITE;
/*!40000 ALTER TABLE `falta` DISABLE KEYS */;
INSERT INTO `falta` VALUES (1,'Faltó'),(2,'Comisión'),(3,'Tardanza/Ret. Anticipado'),(4,'Recupera/Adelanta');
/*!40000 ALTER TABLE `falta` ENABLE KEYS */;
UNLOCK TABLES;

--
-- Table structure for table `genero`
--

DROP TABLE IF EXISTS `genero`;
/*!40101 SET @saved_cs_client     = @@character_set_client */;
/*!40101 SET character_set_client = utf8 */;
CREATE TABLE `genero` (
  `id` int(8) NOT NULL AUTO_INCREMENT,
  `nombre` varchar(15) NOT NULL,
  PRIMARY KEY (`id`),
  KEY `id` (`id`)
) ENGINE=InnoDB AUTO_INCREMENT=4 DEFAULT CHARSET=latin1;
/*!40101 SET character_set_client = @saved_cs_client */;

--
-- Dumping data for table `genero`
--

LOCK TABLES `genero` WRITE;
/*!40000 ALTER TABLE `genero` DISABLE KEYS */;
INSERT INTO `genero` VALUES (1,'FEMENINO'),(2,'MASCULINO'),(3,'OTRO');
/*!40000 ALTER TABLE `genero` ENABLE KEYS */;
UNLOCK TABLES;

--
-- Table structure for table `hora`
--

DROP TABLE IF EXISTS `hora`;
/*!40101 SET @saved_cs_client     = @@character_set_client */;
/*!40101 SET character_set_client = utf8 */;
CREATE TABLE `hora` (
  `id` int(8) NOT NULL AUTO_INCREMENT,
  `nombre` varchar(15) NOT NULL,
  PRIMARY KEY (`id`)
) ENGINE=InnoDB AUTO_INCREMENT=10 DEFAULT CHARSET=latin1;
/*!40101 SET character_set_client = @saved_cs_client */;

--
-- Dumping data for table `hora`
--

LOCK TABLES `hora` WRITE;
/*!40000 ALTER TABLE `hora` DISABLE KEYS */;
INSERT INTO `hora` VALUES (2,'1°'),(3,'2°'),(4,'3°'),(5,'4°'),(6,'5°'),(7,'6°'),(8,'7°'),(9,'8°');
/*!40000 ALTER TABLE `hora` ENABLE KEYS */;
UNLOCK TABLES;

--
-- Table structure for table `inasistencia`
--

DROP TABLE IF EXISTS `inasistencia`;
/*!40101 SET @saved_cs_client     = @@character_set_client */;
/*!40101 SET character_set_client = utf8 */;
CREATE TABLE `inasistencia` (
  `id` bigint(8) NOT NULL AUTO_INCREMENT,
  `matricula` int(4) NOT NULL,
  `clase` int(4) NOT NULL,
  PRIMARY KEY (`id`),
  KEY `matricula` (`matricula`),
  KEY `clase` (`clase`),
  KEY `matricula_2` (`matricula`),
  KEY `clase_2` (`clase`),
  CONSTRAINT `inasistencia_ibfk_1` FOREIGN KEY (`matricula`) REFERENCES `matricula` (`id`) ON UPDATE CASCADE,
  CONSTRAINT `inasistencia_ibfk_2` FOREIGN KEY (`clase`) REFERENCES `clase` (`id`) ON UPDATE CASCADE
) ENGINE=InnoDB AUTO_INCREMENT=2 DEFAULT CHARSET=utf8mb4;
/*!40101 SET character_set_client = @saved_cs_client */;

--
-- Dumping data for table `inasistencia`
--

LOCK TABLES `inasistencia` WRITE;
/*!40000 ALTER TABLE `inasistencia` DISABLE KEYS */;
/*!40000 ALTER TABLE `inasistencia` ENABLE KEYS */;
UNLOCK TABLES;

--
-- Table structure for table `matricula`
--

DROP TABLE IF EXISTS `matricula`;
/*!40101 SET @saved_cs_client     = @@character_set_client */;
/*!40101 SET character_set_client = utf8 */;
CREATE TABLE `matricula` (
  `id` int(4) NOT NULL AUTO_INCREMENT,
  `fecha` date NOT NULL,
  `alumno` int(4) NOT NULL,
  `comision` int(4) NOT NULL,
  `estadomatricula` int(4) NOT NULL,
  `division` int(4) DEFAULT NULL,
  PRIMARY KEY (`id`),
  KEY `alumno` (`alumno`),
  KEY `estadomatricula` (`estadomatricula`),
  KEY `comision` (`comision`),
  KEY `alumno_2` (`alumno`),
  KEY `estadomatricula_2` (`estadomatricula`),
  KEY `comision_2` (`comision`),
  KEY `division` (`division`),
  CONSTRAINT `matricula_ibfk_1` FOREIGN KEY (`alumno`) REFERENCES `alumno` (`id`) ON UPDATE CASCADE,
  CONSTRAINT `matricula_ibfk_2` FOREIGN KEY (`comision`) REFERENCES `comision` (`id`) ON UPDATE CASCADE,
  CONSTRAINT `matricula_ibfk_3` FOREIGN KEY (`estadomatricula`) REFERENCES `estadomatricula` (`id`) ON UPDATE CASCADE,
  CONSTRAINT `matricula_ibfk_4` FOREIGN KEY (`division`) REFERENCES `division` (`id`) ON UPDATE CASCADE
) ENGINE=InnoDB AUTO_INCREMENT=2 DEFAULT CHARSET=utf8mb4;
/*!40101 SET character_set_client = @saved_cs_client */;

--
-- Dumping data for table `matricula`
--

LOCK TABLES `matricula` WRITE;
/*!40000 ALTER TABLE `matricula` DISABLE KEYS */;
INSERT INTO `matricula` VALUES (1,'2019-04-08',1,1,1,NULL);
/*!40000 ALTER TABLE `matricula` ENABLE KEYS */;
UNLOCK TABLES;

--
-- Table structure for table `nombramiento`
--

DROP TABLE IF EXISTS `nombramiento`;
/*!40101 SET @saved_cs_client     = @@character_set_client */;
/*!40101 SET character_set_client = utf8 */;
CREATE TABLE `nombramiento` (
  `id` int(8) NOT NULL AUTO_INCREMENT,
  `nombre` varchar(150) DEFAULT NULL,
  `cargo` int(8) NOT NULL,
  `horas` int(8) NOT NULL,
  `docente` int(8) NOT NULL,
  `revista` int(8) NOT NULL,
  `condicion` int(8) NOT NULL,
  `division` int(8) DEFAULT NULL,
  `suplente` int(8) DEFAULT NULL,
  `extension` int(4) DEFAULT NULL,
  `resolucion` varchar(200) DEFAULT NULL,
  `fechaInicio` date DEFAULT NULL,
  `fechaFin` date DEFAULT NULL,
  `resolucionext` varchar(200) DEFAULT NULL,
  `fechaInicioext` date DEFAULT NULL,
  `fechaFinext` date DEFAULT NULL,
  PRIMARY KEY (`id`),
  KEY `horas` (`horas`),
  KEY `cargo` (`cargo`),
  KEY `docente` (`docente`),
  KEY `revista` (`revista`),
  KEY `division` (`division`),
  KEY `suplente` (`suplente`),
  KEY `condicion` (`condicion`),
  KEY `extension` (`extension`),
  KEY `extension_2` (`extension`),
  CONSTRAINT `nombramiento_ibfk_10` FOREIGN KEY (`condicion`) REFERENCES `condicion` (`id`) ON UPDATE CASCADE,
  CONSTRAINT `nombramiento_ibfk_11` FOREIGN KEY (`division`) REFERENCES `division` (`id`) ON UPDATE CASCADE,
  CONSTRAINT `nombramiento_ibfk_12` FOREIGN KEY (`extension`) REFERENCES `extension` (`id`) ON UPDATE CASCADE,
  CONSTRAINT `nombramiento_ibfk_5` FOREIGN KEY (`suplente`) REFERENCES `nombramiento` (`id`) ON DELETE CASCADE ON UPDATE CASCADE,
  CONSTRAINT `nombramiento_ibfk_7` FOREIGN KEY (`cargo`) REFERENCES `cargo` (`id`) ON UPDATE CASCADE,
  CONSTRAINT `nombramiento_ibfk_8` FOREIGN KEY (`docente`) REFERENCES `docente` (`id`) ON UPDATE CASCADE,
  CONSTRAINT `nombramiento_ibfk_9` FOREIGN KEY (`revista`) REFERENCES `revista` (`id`) ON UPDATE CASCADE
) ENGINE=InnoDB AUTO_INCREMENT=204 DEFAULT CHARSET=latin1;
/*!40101 SET character_set_client = @saved_cs_client */;

--
-- Dumping data for table `nombramiento`
--

LOCK TABLES `nombramiento` WRITE;
/*!40000 ALTER TABLE `nombramiento` DISABLE KEYS */;
INSERT INTO `nombramiento` VALUES (1,'SECRETARIA DE ASUNTOS ADMINISTRATIVOS',233,25,158,1,4,NULL,NULL,NULL,'35-2019','2019-03-01','2019-03-31',NULL,NULL,NULL),(2,'MT-coordinacion',228,4,8,1,4,NULL,NULL,NULL,'92','2019-03-01','2019-03-31','',NULL,NULL),(3,'Bt-coordinacion',228,4,92,1,4,NULL,NULL,NULL,NULL,NULL,NULL,NULL,NULL,NULL),(4,'CV- coordinacion',228,4,9,1,4,NULL,NULL,NULL,NULL,NULL,NULL,NULL,NULL,NULL),(5,'VICEDIRECTOR DE GESTIÓN',201,25,73,1,4,NULL,NULL,NULL,'33-2019',NULL,NULL,NULL,NULL,NULL),(6,'VICEDIRECTOR DE GESTIÓN',230,8,73,1,4,NULL,NULL,NULL,NULL,NULL,NULL,NULL,NULL,NULL),(7,'AUXILIAR DOCENTE',203,25,142,1,4,NULL,NULL,NULL,NULL,NULL,NULL,NULL,NULL,NULL),(8,'asesor psicopedagógico',207,12,30,1,4,NULL,NULL,NULL,NULL,NULL,NULL,NULL,NULL,NULL),(9,'ASESOR PEDAGÓGICO',207,12,168,1,3,NULL,NULL,NULL,NULL,NULL,NULL,NULL,NULL,NULL),(10,'',219,25,133,1,3,NULL,NULL,NULL,NULL,NULL,NULL,NULL,NULL,NULL),(11,'',209,12,101,1,3,NULL,NULL,NULL,NULL,NULL,NULL,NULL,NULL,NULL),(12,'',207,12,68,1,4,NULL,NULL,NULL,NULL,NULL,NULL,NULL,NULL,NULL),(13,'AUXILIAR DOCENTE',241,25,56,1,4,NULL,NULL,NULL,NULL,NULL,NULL,NULL,NULL,NULL),(14,'AYUDANTE CLASES PRÁCTICAS',209,12,56,1,4,NULL,NULL,NULL,NULL,NULL,NULL,NULL,NULL,NULL),(15,'AYUDANTE CLASES PRÁCTICAS',209,12,33,1,3,NULL,NULL,NULL,NULL,NULL,NULL,NULL,NULL,NULL),(16,'AYUDANTE CLASES PRÁCTICAS',209,12,33,1,2,NULL,NULL,NULL,NULL,NULL,NULL,NULL,NULL,NULL),(17,'ASESOR PEDAGOGICO',207,12,117,2,3,NULL,NULL,NULL,NULL,NULL,NULL,NULL,NULL,NULL),(18,'secretario de asuntos academicos',230,8,72,1,4,NULL,NULL,NULL,NULL,NULL,NULL,NULL,NULL,NULL),(19,'SECRETARIA DE ASUNTOS ESTUDIANTILES',201,25,72,1,4,NULL,NULL,NULL,'35-2019','2019-03-01','2019-03-31',NULL,NULL,NULL),(20,'AYUDANTE CLASES PRÁCTICAS',209,12,87,1,4,NULL,NULL,NULL,NULL,NULL,NULL,NULL,NULL,NULL),(21,'AYUDANTE CLASES PRÁCTICAS',209,12,108,1,3,NULL,NULL,NULL,NULL,NULL,NULL,NULL,NULL,NULL),(22,'REGENTE',202,25,61,1,4,NULL,NULL,NULL,'35-2019','2019-03-01','2019-03-31',NULL,NULL,NULL),(23,'ASESOR PEDAGOGICO',230,8,61,1,4,NULL,NULL,NULL,'35-2019','2019-03-01','2019-03-31',NULL,NULL,NULL),(25,'ASESOR PEDAGOGICO',205,24,171,1,4,NULL,NULL,NULL,NULL,NULL,NULL,NULL,NULL,NULL),(26,'AUXILIAR DOCENTE',241,25,124,1,4,NULL,NULL,NULL,NULL,NULL,NULL,NULL,NULL,NULL),(27,'ASESOR PEDAGOGICO',207,12,180,1,3,NULL,NULL,NULL,NULL,NULL,NULL,NULL,NULL,NULL),(28,'AYUD. GABINETE PSICOPED.',242,11,132,1,3,NULL,NULL,NULL,NULL,NULL,NULL,NULL,NULL,NULL),(29,'AYUDANTE CLASES PRÁCTICAS',209,12,3,1,3,NULL,NULL,NULL,NULL,NULL,NULL,NULL,NULL,NULL),(30,'AYUDANTE CLASES PRÁCTICAS',209,12,104,1,4,NULL,NULL,NULL,NULL,NULL,NULL,NULL,NULL,NULL),(31,'radio',209,12,114,1,3,NULL,NULL,NULL,NULL,NULL,NULL,NULL,NULL,NULL),(32,'AYUD. GABINETE ',242,11,93,1,3,NULL,NULL,NULL,NULL,NULL,NULL,NULL,NULL,NULL),(34,'PRO SECRETARIA',234,17,152,1,4,NULL,NULL,NULL,NULL,NULL,NULL,NULL,NULL,NULL),(37,'AYUDANTE CLASES PRÁCTICAS',209,12,182,1,4,NULL,NULL,NULL,NULL,NULL,NULL,NULL,NULL,NULL),(38,'DIRECCIÓN',211,25,39,1,4,NULL,NULL,NULL,NULL,NULL,NULL,NULL,NULL,NULL),(39,'DIRECCIÓN',230,8,39,1,4,NULL,NULL,NULL,NULL,NULL,NULL,NULL,NULL,NULL),(40,'SECRETARIA DE ASUNTOS ADMINISTRATIVOS',230,8,158,1,4,NULL,NULL,NULL,'35-2019','2019-03-01','2019-03-31',NULL,NULL,NULL),(41,'ASESOR PEDAGOGICO',207,12,278,1,4,NULL,NULL,NULL,NULL,NULL,NULL,NULL,NULL,NULL),(42,'ASESOR PEDAGOGICO',207,12,261,1,4,NULL,NULL,NULL,NULL,NULL,NULL,NULL,NULL,NULL),(43,'',209,12,2,1,4,NULL,NULL,NULL,NULL,NULL,NULL,NULL,NULL,NULL),(44,'REGENTE',202,25,48,1,4,NULL,NULL,NULL,'35-2019','2019-03-01','2019-03-31',NULL,NULL,NULL),(45,'REGENTE',230,8,48,1,4,NULL,NULL,NULL,'35-2019','2019-03-01','2019-03-31',NULL,NULL,NULL),(46,'AYUD. CS. NATURALES',209,12,301,1,4,NULL,NULL,NULL,NULL,NULL,NULL,NULL,NULL,NULL),(47,'AYUDANTE CLASES PRÁCTICAS',209,12,153,1,4,NULL,NULL,NULL,NULL,NULL,NULL,NULL,NULL,NULL),(48,'AYUDANTE CLASES PRÁCTICAS',209,12,183,1,4,NULL,NULL,NULL,NULL,NULL,NULL,NULL,NULL,NULL),(49,'AYUDANTE CLASES PRÁCTICAS',209,12,237,1,4,NULL,NULL,NULL,NULL,NULL,NULL,NULL,NULL,NULL),(51,'REGENTE',202,25,63,1,4,NULL,NULL,NULL,'35-2019','2019-03-01','2019-03-31',NULL,NULL,NULL),(52,'REGENTE',230,8,63,1,4,NULL,NULL,NULL,'35-2019','2019-03-01','2019-03-31',NULL,NULL,NULL),(53,'AYUDANTE CLASES PRÁCTICAS',209,12,32,1,2,NULL,NULL,NULL,NULL,NULL,NULL,NULL,NULL,NULL),(54,'AYUDANTE CLASES PRÁCTICAS',209,12,208,1,4,NULL,NULL,NULL,NULL,NULL,NULL,NULL,NULL,NULL),(55,'SCRETARIO ASUNTOS ECONÓMICOS',233,25,119,1,3,NULL,NULL,NULL,NULL,NULL,NULL,NULL,NULL,NULL),(56,'SECRETARIO ASUNTOS ECONÓMICOS',230,8,119,1,3,NULL,NULL,NULL,NULL,NULL,NULL,NULL,NULL,NULL),(57,'ASESOR PEDAGOGICO',207,18,289,1,4,NULL,NULL,NULL,NULL,NULL,NULL,NULL,NULL,NULL),(58,'209',209,12,107,1,3,NULL,NULL,NULL,NULL,NULL,NULL,NULL,NULL,NULL),(59,'bibliotecaria',219,25,100,1,3,NULL,NULL,NULL,NULL,NULL,NULL,NULL,NULL,NULL),(60,'bibliotecaria',226,25,267,1,4,NULL,NULL,NULL,NULL,NULL,NULL,NULL,NULL,NULL),(61,'museo',241,25,103,1,3,NULL,NULL,NULL,NULL,NULL,NULL,NULL,NULL,NULL),(62,'INFORMATICA',209,12,67,1,3,NULL,NULL,NULL,NULL,NULL,NULL,NULL,NULL,NULL),(63,'AYUDANTE CLASES PRÁCTICAS',209,12,222,1,4,NULL,NULL,NULL,NULL,NULL,NULL,NULL,NULL,NULL),(64,'INFORMATICA',209,12,59,1,3,NULL,NULL,NULL,NULL,NULL,NULL,NULL,NULL,NULL),(65,'AUXILIAR DOCENTE',241,25,206,1,4,NULL,NULL,NULL,NULL,NULL,NULL,NULL,NULL,NULL),(66,'AYUDANTE CLASES PRÁCTICAS',209,12,110,1,3,NULL,NULL,NULL,NULL,NULL,NULL,NULL,NULL,NULL),(67,'vicedirector académico',201,25,15,1,4,NULL,NULL,NULL,NULL,NULL,NULL,NULL,NULL,NULL),(68,'vicedirector académico',230,8,15,1,4,NULL,NULL,NULL,NULL,NULL,NULL,NULL,NULL,NULL),(69,'pidio pase',209,12,53,1,3,NULL,NULL,NULL,NULL,NULL,NULL,NULL,NULL,NULL),(70,'DIRECTOR DPTO.  CS. JURÍDICAS Y SOCIALES',320,6,55,1,4,NULL,NULL,NULL,NULL,NULL,NULL,NULL,NULL,NULL),(71,'SECRETARIO DPTO. CS. JURÍDICAS Y SOCIALES',229,3,177,1,4,NULL,NULL,NULL,'29-2019','2019-03-01','2019-03-31',NULL,NULL,NULL),(72,'DIRECTOR DPTO.  LETRAS CLÁSICAS Y MODERNAS',320,6,125,1,4,NULL,NULL,NULL,'29-2019','2019-03-01','2019-03-31',NULL,NULL,NULL),(73,'SECRETARIO DPTO. LETRAS CLÁSICAS Y MODERNAS',229,3,141,1,4,NULL,NULL,NULL,'29-2019','2019-03-01','2019-03-31',NULL,NULL,NULL),(74,'SECRETARIO DPTO. LETRAS CLÁSICAS Y MODERNAS',229,3,50,1,4,NULL,NULL,NULL,NULL,NULL,NULL,NULL,NULL,NULL),(76,'SECRETARIO DPTO. LETRAS CLÁSICAS Y MODERNAS',229,3,83,1,4,NULL,NULL,NULL,'29-2019','2019-03-01','2019-03-31',NULL,NULL,NULL),(77,'SECRETARIO DPTO. LETRAS CLÁSICAS Y MODERNAS',229,3,75,1,4,NULL,NULL,NULL,'29-2019','2019-03-01','2019-03-31',NULL,NULL,NULL),(78,'DIRECTOR DPTO.  ED. FÍSICA',320,6,35,1,4,NULL,NULL,NULL,'29-2019','2019-03-01','2019-03-31',NULL,NULL,NULL),(79,'SECRETARIO DPTO.  ED. FÍSICA',229,3,96,1,4,NULL,NULL,NULL,'29-2019','2019-03-01','2019-03-31',NULL,NULL,NULL),(80,'DIRECTOR DPTO.  HISTORIA Y GEOGRAFÍA',320,6,2,1,4,NULL,NULL,NULL,NULL,NULL,NULL,NULL,NULL,NULL),(81,'SECRETARIO  DPTO.  HISTORIA Y GEOGRAFÍA',229,3,71,1,4,NULL,NULL,NULL,'29-2019','2019-03-01','2019-03-31',NULL,NULL,NULL),(82,'DIRECTOR DPTO.  CS. NATURALES Y QUÍMICAS',320,6,245,1,4,NULL,NULL,NULL,'29-2019','2019-03-01','2019-03-31',NULL,NULL,NULL),(83,'SECRETARIO  DPTO.  CS. NATURALES Y QUÍMICAS',229,3,3,1,4,NULL,NULL,NULL,'29-2019','2019-03-01','2019-03-31',NULL,NULL,NULL),(84,'DIRECTOR DPTO. MATEMÁTICA Y FÍSICA',320,6,185,1,4,NULL,NULL,NULL,'29-2019','2019-03-01','2019-03-31',NULL,NULL,NULL),(85,'SECRETARIO  DPTO. MATEMÁTICA Y FÍSICA',229,3,43,1,4,NULL,NULL,NULL,'29-2019','2019-03-01','2019-03-31',NULL,NULL,NULL),(86,'DIRECTOR DPTO.  FILOSOFÍA',320,6,88,1,4,NULL,NULL,NULL,'29-2019','2019-03-01','2019-03-31',NULL,NULL,NULL),(87,'SECRETARIO DPTO.  FILOSOFÍA',229,3,52,1,4,NULL,NULL,NULL,'29-2019','2019-03-01','2019-03-31',NULL,NULL,NULL),(88,'DIRECTOR DPTO.  ED. ESTÉTICA',320,6,98,1,4,NULL,NULL,NULL,'29-2019','2019-03-01','2019-03-31',NULL,NULL,NULL),(89,'SECRETARIO DPTO.  ED. ESTÉTICA',229,3,46,1,4,NULL,NULL,NULL,'29-2019','2019-03-01','2019-03-31',NULL,NULL,NULL),(90,'DIRECTOR DPTO.  FORMACIÓN HUMANA E INFORMÁTICA',320,6,67,1,4,NULL,NULL,NULL,'29-2019','2019-03-01','2019-03-31',NULL,NULL,NULL),(91,'SECRETARIO DPTO.  FORMACIÓN HUMANA E INFORMÁTICA',229,3,131,1,4,NULL,NULL,NULL,'29-2019','2019-03-01','2019-03-31',NULL,NULL,NULL),(93,'',227,25,58,2,2,NULL,196,NULL,'',NULL,NULL,NULL,NULL,NULL),(94,'INTERCAMBIO ESTUDIANTIL',229,5,142,1,4,NULL,NULL,NULL,NULL,NULL,NULL,NULL,NULL,NULL),(95,'INTERCAMBIO ESTUDIANTIL',229,5,218,1,4,NULL,NULL,NULL,NULL,NULL,NULL,NULL,NULL,NULL),(96,'OAJNU MODELO DE NACIONES UNIDAS',229,2,205,1,4,NULL,NULL,NULL,NULL,NULL,NULL,NULL,NULL,NULL),(97,'ARCHIVO HISTÓRICO',229,2,143,1,4,NULL,NULL,NULL,NULL,NULL,NULL,NULL,NULL,NULL),(98,'Preceptor',227,25,242,1,4,46,NULL,2,'',NULL,NULL,NULL,NULL,NULL),(99,'Preceptor',227,25,146,1,3,62,NULL,NULL,NULL,NULL,NULL,NULL,NULL,NULL),(100,'EX',227,25,154,1,3,NULL,NULL,NULL,NULL,NULL,NULL,NULL,NULL,NULL),(101,'Preceptor',227,25,80,1,3,49,NULL,2,NULL,NULL,NULL,NULL,NULL,NULL),(102,'Preceptor',227,25,28,2,2,62,NULL,NULL,NULL,NULL,NULL,NULL,NULL,NULL),(103,'Preceptor',227,25,167,1,3,34,NULL,2,'',NULL,NULL,NULL,NULL,NULL),(104,'Preceptor',227,25,82,1,3,16,NULL,1,NULL,NULL,NULL,NULL,NULL,NULL),(105,'Preceptor',227,25,70,1,3,48,NULL,2,NULL,NULL,NULL,NULL,NULL,NULL),(106,'Preceptor',227,25,129,1,3,50,NULL,2,NULL,NULL,NULL,NULL,NULL,NULL),(107,'Preceptor',227,25,140,1,3,26,NULL,1,'',NULL,NULL,NULL,NULL,NULL),(108,'Preceptor',227,25,105,1,3,27,NULL,1,'',NULL,NULL,NULL,NULL,NULL),(109,'Preceptor',227,25,187,1,4,52,NULL,2,'',NULL,NULL,NULL,NULL,NULL),(111,'Preceptor',227,25,122,1,3,62,NULL,NULL,NULL,NULL,NULL,NULL,NULL,NULL),(112,'Preceptor',227,25,1,1,3,36,NULL,2,'',NULL,NULL,NULL,NULL,NULL),(113,'EX',227,25,259,1,4,NULL,NULL,1,NULL,NULL,NULL,NULL,NULL,NULL),(114,'Preceptor',227,25,274,1,4,5,NULL,2,'',NULL,NULL,NULL,NULL,NULL),(115,'PRECEPTOR',227,25,87,2,3,NULL,157,NULL,'25-2019','2019-03-01','2019-04-30',NULL,NULL,NULL),(116,'Preceptor',227,25,151,1,3,40,NULL,2,'',NULL,NULL,NULL,NULL,NULL),(117,'Preceptor',227,25,275,3,4,32,200,1,'50-2019','2019-03-01','2019-04-30',NULL,NULL,NULL),(118,'Preceptor',227,25,4,1,2,1,NULL,2,NULL,NULL,NULL,NULL,NULL,NULL),(119,'Preceptor',227,25,238,1,4,7,NULL,2,'',NULL,NULL,NULL,NULL,NULL),(120,'Preceptor',227,25,37,1,2,10,NULL,1,NULL,NULL,NULL,NULL,NULL,NULL),(121,'Preceptor',227,25,111,1,3,62,NULL,2,NULL,NULL,NULL,NULL,NULL,NULL),(122,'Preceptor',227,25,74,1,3,18,NULL,1,NULL,NULL,NULL,NULL,NULL,NULL),(123,'Preceptor',227,25,285,1,4,31,NULL,1,'46-2019','2019-03-01','2019-04-30',NULL,NULL,NULL),(124,'Preceptor',227,25,24,1,2,62,NULL,NULL,NULL,NULL,NULL,NULL,NULL,NULL),(125,'Preceptor',227,25,77,1,3,42,NULL,2,'',NULL,NULL,NULL,NULL,NULL),(126,'Preceptor',227,25,77,1,3,53,NULL,2,'',NULL,NULL,NULL,NULL,NULL),(127,'Preceptor',227,25,116,1,3,11,NULL,1,NULL,NULL,NULL,NULL,NULL,NULL),(128,'Preceptor',227,25,161,1,3,62,NULL,NULL,NULL,NULL,NULL,NULL,NULL,NULL),(129,'Preceptor',227,25,271,1,4,24,NULL,1,'',NULL,NULL,NULL,NULL,NULL),(130,'Preceptor',227,25,150,1,3,37,NULL,2,'',NULL,NULL,NULL,NULL,NULL),(131,'Preceptor',227,25,115,1,3,4,NULL,2,NULL,NULL,NULL,NULL,NULL,NULL),(132,'Preceptor',227,25,241,1,4,17,NULL,1,NULL,NULL,NULL,NULL,NULL,NULL),(133,'Preceptor',227,25,51,1,3,39,NULL,2,'',NULL,NULL,NULL,NULL,NULL),(134,'Preceptor',227,25,144,1,3,30,NULL,1,'',NULL,NULL,NULL,NULL,NULL),(135,'Preceptor',227,25,163,2,3,NULL,NULL,2,'',NULL,NULL,NULL,NULL,NULL),(136,'Preceptor',227,25,189,1,4,35,NULL,2,'',NULL,NULL,NULL,NULL,NULL),(138,'Preceptor',227,25,134,3,3,NULL,NULL,2,'',NULL,NULL,NULL,NULL,NULL),(139,'Preceptor',227,25,294,1,4,8,NULL,2,NULL,NULL,NULL,NULL,NULL,NULL),(140,'Preceptor',227,25,169,1,3,33,NULL,2,'',NULL,NULL,NULL,NULL,NULL),(141,'Preceptor',227,25,136,2,3,46,164,2,'22-2019','2019-03-01','2019-04-30',NULL,NULL,NULL),(142,'Preceptor',227,25,260,1,4,20,NULL,1,'',NULL,NULL,NULL,NULL,NULL),(143,'Preceptor',227,25,281,1,4,22,NULL,1,'',NULL,NULL,NULL,NULL,NULL),(144,'Preceptor',227,25,103,1,3,12,NULL,1,NULL,NULL,NULL,NULL,NULL,NULL),(145,'Preceptor',227,25,94,1,3,51,NULL,2,'',NULL,NULL,NULL,NULL,NULL),(146,'Preceptor',227,25,62,1,3,77,NULL,2,'',NULL,NULL,NULL,NULL,NULL),(147,'JEFE DE PRECEPTORES',223,25,66,1,5,61,NULL,2,'86-2019','2019-03-01','2019-03-31','86-2019','2019-03-21','2019-03-31'),(148,'JEFE DE PRECEPTORES',223,25,136,1,5,61,NULL,2,'',NULL,NULL,'',NULL,NULL),(149,'secretario de asuntos academicos',233,25,72,1,4,NULL,NULL,1,NULL,NULL,NULL,NULL,NULL,NULL),(150,'JEFE DE PRECEPTORES',223,25,106,1,4,61,NULL,2,'',NULL,NULL,'',NULL,NULL),(151,'JEFE DE PRECEPTORES',223,25,87,1,4,61,NULL,2,'',NULL,NULL,'',NULL,NULL),(152,'JEFE DE PRECEPTORES',223,25,58,3,4,61,147,2,'21-13-2019','2019-03-01','2019-03-20','',NULL,NULL),(153,'JEFE DE PRECEPTORES',223,25,18,1,4,62,NULL,2,'',NULL,NULL,'',NULL,NULL),(155,'PRECEPTOR',227,25,106,2,3,NULL,178,2,'25-2019','2019-03-01','2019-04-30',NULL,NULL,NULL),(157,'PRECEPTOR',227,25,186,1,5,25,NULL,1,'',NULL,NULL,NULL,NULL,NULL),(158,'PRECEPTOR',227,25,18,2,2,62,159,NULL,'25-2019','2019-03-01','2019-04-30',NULL,NULL,NULL),(159,'PRECEPTOR',227,25,196,2,5,NULL,172,NULL,NULL,NULL,NULL,NULL,NULL,NULL),(160,'PRECEPTOR',227,25,76,2,3,NULL,161,1,'',NULL,NULL,NULL,NULL,NULL),(161,'PRECEPTOR',227,25,179,1,5,28,NULL,1,'',NULL,NULL,NULL,NULL,NULL),(162,'PRECEPTOR',227,25,162,2,3,NULL,163,2,'25-2019','2019-03-01','2019-04-30',NULL,NULL,NULL),(163,'PRECEPTOR',227,25,262,1,5,38,NULL,2,'',NULL,NULL,NULL,NULL,NULL),(164,'PRECEPTOR',227,25,303,1,5,14,NULL,1,'',NULL,NULL,NULL,NULL,NULL),(165,'PRECEPTOR',227,25,69,2,3,NULL,182,1,'39-2019','2019-03-01','2019-04-30',NULL,NULL,NULL),(167,'PRECEPTOR',227,25,15,2,2,NULL,168,NULL,'19-2019','2019-03-01','2019-04-30',NULL,NULL,NULL),(168,'PRECEPTOR',227,25,41,1,5,62,NULL,NULL,'',NULL,NULL,NULL,NULL,NULL),(169,'PRECEPTOR',227,25,214,2,4,NULL,170,2,'24-2019','2019-03-01','2019-04-30',NULL,NULL,NULL),(170,'PRECEPTOR',227,25,272,1,5,44,NULL,2,'',NULL,NULL,NULL,NULL,NULL),(172,'PRECEPTOR',227,25,58,1,5,NULL,NULL,1,NULL,NULL,NULL,NULL,NULL,NULL),(175,'Preceptor',227,25,28,2,2,19,176,NULL,'45-2019','2019-03-01','2019-03-31',NULL,NULL,NULL),(176,'Preceptor',227,25,268,1,5,19,NULL,2,NULL,NULL,NULL,NULL,NULL,NULL),(178,'Preceptor',227,25,251,1,5,3,NULL,2,NULL,NULL,NULL,NULL,NULL,NULL),(179,'Preceptor',227,25,252,1,5,6,NULL,2,'58-2019','2019-03-01','2019-04-30','',NULL,NULL),(180,'Preceptor',227,25,61,2,2,NULL,179,NULL,'7/1994 HCS','1994-11-15',NULL,'',NULL,NULL),(182,'Preceptor',227,25,284,1,5,45,NULL,1,NULL,NULL,NULL,NULL,NULL,NULL),(183,'',223,25,69,3,4,61,148,2,'15-2019','2019-03-01','2019-04-30','',NULL,NULL),(184,'Preceptor',227,25,250,1,4,9,NULL,1,NULL,NULL,NULL,NULL,NULL,NULL),(185,'Preceptor',227,25,21,1,2,62,NULL,NULL,NULL,NULL,NULL,NULL,NULL,NULL),(186,'Preceptor',227,25,315,1,4,13,NULL,1,NULL,NULL,NULL,NULL,NULL,NULL),(188,'JEFE DE PRECEPTORES',223,25,63,2,2,61,189,2,'',NULL,NULL,'','2019-03-01','2019-03-31'),(189,'JEFE DE PRECEPTORES',223,25,76,1,5,61,NULL,2,'82-2019','2019-03-01','2019-03-31','','2019-03-01','2019-03-31'),(190,'JEFE DE PRECEPTORES',223,25,32,1,3,61,NULL,2,'',NULL,NULL,'',NULL,NULL),(191,'JEFE DE PRECEPTORES',223,25,3,1,3,62,NULL,NULL,'',NULL,NULL,'',NULL,NULL),(192,'ASESOR PEDAGÓGICO',205,24,117,1,4,NULL,NULL,NULL,NULL,NULL,NULL,NULL,NULL,NULL),(193,'PRECEPTOR',227,25,201,1,4,NULL,NULL,2,NULL,NULL,NULL,NULL,NULL,NULL),(194,'PRECEPTOR',227,25,234,1,4,21,NULL,1,NULL,NULL,NULL,NULL,NULL,NULL),(195,'PRECEPTOR',227,25,235,1,4,2,NULL,2,NULL,NULL,NULL,NULL,NULL,NULL),(196,'PRECEPTOR',227,25,188,1,5,41,NULL,2,'',NULL,NULL,NULL,NULL,NULL),(197,'sECRETARIO DPTO. AREA GRIEGO',229,0,50,1,4,NULL,NULL,NULL,'29-2019','2019-03-01','2019-03-31',NULL,NULL,NULL),(198,'PRECEPTOR',227,25,196,2,4,NULL,199,NULL,'',NULL,NULL,NULL,NULL,NULL),(199,'PRECEPTOR',227,25,58,1,5,NULL,NULL,NULL,NULL,NULL,NULL,NULL,NULL,NULL),(200,NULL,227,25,316,1,5,31,NULL,NULL,'',NULL,NULL,NULL,NULL,NULL),(201,NULL,227,25,66,2,4,NULL,202,1,'13-2019','2019-03-01','2019-04-30','',NULL,NULL),(202,NULL,227,25,315,1,5,NULL,NULL,1,'60-85-2019','2019-03-01','2019-03-31','60-2019','2019-03-01','2019-03-20'),(203,NULL,228,4,23,1,4,NULL,NULL,NULL,'','2019-03-01','2019-03-31','',NULL,NULL);
/*!40000 ALTER TABLE `nombramiento` ENABLE KEYS */;
UNLOCK TABLES;

--
-- Table structure for table `novedadesparte`
--

DROP TABLE IF EXISTS `novedadesparte`;
/*!40101 SET @saved_cs_client     = @@character_set_client */;
/*!40101 SET character_set_client = utf8 */;
CREATE TABLE `novedadesparte` (
  `id` int(11) NOT NULL AUTO_INCREMENT,
  `tiponovedad` int(4) NOT NULL,
  `parte` int(4) NOT NULL,
  `descripcion` text,
  `estadonovedad` int(11) NOT NULL,
  `docente` int(4) DEFAULT NULL,
  PRIMARY KEY (`id`),
  KEY `tiponovedad` (`tiponovedad`),
  KEY `parte` (`parte`),
  KEY `estadonovedad` (`estadonovedad`),
  KEY `docente` (`docente`),
  CONSTRAINT `novedadesparte_ibfk_1` FOREIGN KEY (`tiponovedad`) REFERENCES `tiponovedad` (`id`) ON UPDATE CASCADE,
  CONSTRAINT `novedadesparte_ibfk_2` FOREIGN KEY (`parte`) REFERENCES `parte` (`id`) ON UPDATE CASCADE,
  CONSTRAINT `novedadesparte_ibfk_3` FOREIGN KEY (`estadonovedad`) REFERENCES `estadonovedad` (`id`) ON UPDATE CASCADE,
  CONSTRAINT `novedadesparte_ibfk_4` FOREIGN KEY (`tiponovedad`) REFERENCES `tiponovedad` (`id`) ON UPDATE CASCADE,
  CONSTRAINT `novedadesparte_ibfk_5` FOREIGN KEY (`parte`) REFERENCES `parte` (`id`) ON UPDATE CASCADE,
  CONSTRAINT `novedadesparte_ibfk_6` FOREIGN KEY (`estadonovedad`) REFERENCES `estadonovedad` (`id`) ON UPDATE CASCADE,
  CONSTRAINT `novedadesparte_ibfk_7` FOREIGN KEY (`docente`) REFERENCES `docente` (`id`) ON UPDATE CASCADE
) ENGINE=InnoDB AUTO_INCREMENT=7 DEFAULT CHARSET=utf8mb4;
/*!40101 SET character_set_client = @saved_cs_client */;

--
-- Dumping data for table `novedadesparte`
--

LOCK TABLES `novedadesparte` WRITE;
/*!40000 ALTER TABLE `novedadesparte` DISABLE KEYS */;
INSERT INTO `novedadesparte` VALUES (2,1,48,'',1,1),(3,1,42,'',1,105),(4,1,42,'',1,179),(5,1,57,'',1,186),(6,1,30,'',1,186);
/*!40000 ALTER TABLE `novedadesparte` ENABLE KEYS */;
UNLOCK TABLES;

--
-- Table structure for table `optativa`
--

DROP TABLE IF EXISTS `optativa`;
/*!40101 SET @saved_cs_client     = @@character_set_client */;
/*!40101 SET character_set_client = utf8 */;
CREATE TABLE `optativa` (
  `id` int(4) NOT NULL AUTO_INCREMENT,
  `actividad` int(4) NOT NULL,
  `aniolectivo` int(4) NOT NULL,
  `duracion` int(4) DEFAULT NULL,
  `areaoptativa` int(4) NOT NULL,
  PRIMARY KEY (`id`),
  KEY `actividad` (`actividad`),
  KEY `aniolectivo` (`aniolectivo`),
  KEY `actividad_2` (`actividad`),
  KEY `aniolectivo_2` (`aniolectivo`),
  KEY `areaoptativa` (`areaoptativa`),
  CONSTRAINT `optativa_ibfk_1` FOREIGN KEY (`aniolectivo`) REFERENCES `aniolectivo` (`id`) ON UPDATE CASCADE,
  CONSTRAINT `optativa_ibfk_2` FOREIGN KEY (`actividad`) REFERENCES `actividad` (`id`) ON UPDATE CASCADE,
  CONSTRAINT `optativa_ibfk_3` FOREIGN KEY (`areaoptativa`) REFERENCES `areaoptativa` (`id`) ON UPDATE CASCADE
) ENGINE=InnoDB AUTO_INCREMENT=2 DEFAULT CHARSET=utf8mb4;
/*!40101 SET character_set_client = @saved_cs_client */;

--
-- Dumping data for table `optativa`
--

LOCK TABLES `optativa` WRITE;
/*!40000 ALTER TABLE `optativa` DISABLE KEYS */;
INSERT INTO `optativa` VALUES (1,168,1,96,1);
/*!40000 ALTER TABLE `optativa` ENABLE KEYS */;
UNLOCK TABLES;

--
-- Table structure for table `parte`
--

DROP TABLE IF EXISTS `parte`;
/*!40101 SET @saved_cs_client     = @@character_set_client */;
/*!40101 SET character_set_client = utf8 */;
CREATE TABLE `parte` (
  `id` int(8) NOT NULL AUTO_INCREMENT,
  `fecha` date NOT NULL,
  `preceptoria` int(8) NOT NULL,
  PRIMARY KEY (`id`),
  UNIQUE KEY `fecha` (`fecha`,`preceptoria`),
  KEY `preceptoria` (`preceptoria`),
  CONSTRAINT `parte_ibfk_1` FOREIGN KEY (`preceptoria`) REFERENCES `preceptoria` (`id`) ON UPDATE CASCADE
) ENGINE=InnoDB AUTO_INCREMENT=70 DEFAULT CHARSET=latin1;
/*!40101 SET character_set_client = @saved_cs_client */;

--
-- Dumping data for table `parte`
--

LOCK TABLES `parte` WRITE;
/*!40000 ALTER TABLE `parte` DISABLE KEYS */;
INSERT INTO `parte` VALUES (6,'2019-03-14',1),(7,'2019-03-14',2),(8,'2019-03-14',3),(11,'2019-03-14',4),(9,'2019-03-14',5),(10,'2019-03-14',6),(12,'2019-03-15',1),(13,'2019-03-15',2),(14,'2019-03-15',3),(17,'2019-03-15',4),(16,'2019-03-15',5),(15,'2019-03-15',6),(20,'2019-03-18',1),(18,'2019-03-18',2),(19,'2019-03-18',3),(23,'2019-03-18',4),(21,'2019-03-18',5),(22,'2019-03-18',6),(24,'2019-03-19',1),(25,'2019-03-19',2),(26,'2019-03-19',3),(29,'2019-03-19',4),(27,'2019-03-19',5),(28,'2019-03-19',6),(32,'2019-03-20',1),(30,'2019-03-20',2),(31,'2019-03-20',3),(35,'2019-03-20',4),(33,'2019-03-20',5),(34,'2019-03-20',6),(37,'2019-03-21',1),(36,'2019-03-21',2),(38,'2019-03-21',3),(41,'2019-03-21',4),(39,'2019-03-21',5),(40,'2019-03-21',6),(43,'2019-03-22',1),(42,'2019-03-22',2),(44,'2019-03-22',3),(45,'2019-03-22',4),(46,'2019-03-22',5),(47,'2019-03-22',6),(50,'2019-04-01',1),(48,'2019-04-01',2),(49,'2019-04-01',3),(53,'2019-04-01',4),(51,'2019-04-01',5),(52,'2019-04-01',6),(61,'2019-04-02',4),(55,'2019-04-03',1),(57,'2019-04-03',2),(56,'2019-04-03',3),(60,'2019-04-03',4),(59,'2019-04-03',5),(58,'2019-04-03',6),(63,'2019-04-04',1),(54,'2019-04-04',2),(62,'2019-04-04',3),(66,'2019-04-04',4),(65,'2019-04-04',5),(64,'2019-04-04',6),(68,'2019-04-12',3),(69,'2019-04-16',3),(67,'2019-04-19',3);
/*!40000 ALTER TABLE `parte` ENABLE KEYS */;
UNLOCK TABLES;

--
-- Table structure for table `plan`
--

DROP TABLE IF EXISTS `plan`;
/*!40101 SET @saved_cs_client     = @@character_set_client */;
/*!40101 SET character_set_client = utf8 */;
CREATE TABLE `plan` (
  `id` int(8) NOT NULL AUTO_INCREMENT,
  `nombre` varchar(50) NOT NULL,
  PRIMARY KEY (`id`),
  KEY `id` (`id`)
) ENGINE=InnoDB AUTO_INCREMENT=3 DEFAULT CHARSET=latin1;
/*!40101 SET character_set_client = @saved_cs_client */;

--
-- Dumping data for table `plan`
--

LOCK TABLES `plan` WRITE;
/*!40000 ALTER TABLE `plan` DISABLE KEYS */;
INSERT INTO `plan` VALUES (1,'2001'),(2,'2018');
/*!40000 ALTER TABLE `plan` ENABLE KEYS */;
UNLOCK TABLES;

--
-- Table structure for table `preceptoria`
--

DROP TABLE IF EXISTS `preceptoria`;
/*!40101 SET @saved_cs_client     = @@character_set_client */;
/*!40101 SET character_set_client = utf8 */;
CREATE TABLE `preceptoria` (
  `id` int(8) NOT NULL AUTO_INCREMENT,
  `nombre` varchar(20) NOT NULL,
  `descripcion` varchar(50) DEFAULT NULL,
  `turno` int(8) NOT NULL,
  PRIMARY KEY (`id`),
  KEY `turno` (`turno`),
  CONSTRAINT `preceptoria_ibfk_1` FOREIGN KEY (`turno`) REFERENCES `turno` (`id`) ON UPDATE CASCADE
) ENGINE=InnoDB AUTO_INCREMENT=7 DEFAULT CHARSET=latin1;
/*!40101 SET character_set_client = @saved_cs_client */;

--
-- Dumping data for table `preceptoria`
--

LOCK TABLES `preceptoria` WRITE;
/*!40000 ALTER TABLE `preceptoria` DISABLE KEYS */;
INSERT INTO `preceptoria` VALUES (1,'M2P','Mañana - Segundo piso',1),(2,'M1P','Mañana - Primer piso',1),(3,'MPB','Mañana - Planta baja',1),(4,'T2P','Tarde - Segundo piso',2),(5,'T1P','Tarde - Primer piso',2),(6,'TPB','Tarde - Planta baja',2);
/*!40000 ALTER TABLE `preceptoria` ENABLE KEYS */;
UNLOCK TABLES;

--
-- Table structure for table `propuesta`
--

DROP TABLE IF EXISTS `propuesta`;
/*!40101 SET @saved_cs_client     = @@character_set_client */;
/*!40101 SET character_set_client = utf8 */;
CREATE TABLE `propuesta` (
  `id` int(8) NOT NULL AUTO_INCREMENT,
  `nombre` varchar(100) NOT NULL,
  PRIMARY KEY (`id`),
  KEY `id` (`id`)
) ENGINE=InnoDB AUTO_INCREMENT=5 DEFAULT CHARSET=latin1;
/*!40101 SET character_set_client = @saved_cs_client */;

--
-- Dumping data for table `propuesta`
--

LOCK TABLES `propuesta` WRITE;
/*!40000 ALTER TABLE `propuesta` DISABLE KEYS */;
INSERT INTO `propuesta` VALUES (1,'SECUNDARIO'),(2,'PREGRADO'),(3,'INGRESO'),(4,'TRAYECTO TÉCNICO DE PRECEPTOR');
/*!40000 ALTER TABLE `propuesta` ENABLE KEYS */;
UNLOCK TABLES;

--
-- Table structure for table `resolucion`
--

DROP TABLE IF EXISTS `resolucion`;
/*!40101 SET @saved_cs_client     = @@character_set_client */;
/*!40101 SET character_set_client = utf8 */;
CREATE TABLE `resolucion` (
  `id` int(8) NOT NULL,
  `nombre` varchar(50) NOT NULL,
  PRIMARY KEY (`id`),
  KEY `id` (`id`)
) ENGINE=InnoDB DEFAULT CHARSET=latin1;
/*!40101 SET character_set_client = @saved_cs_client */;

--
-- Dumping data for table `resolucion`
--

LOCK TABLES `resolucion` WRITE;
/*!40000 ALTER TABLE `resolucion` DISABLE KEYS */;
/*!40000 ALTER TABLE `resolucion` ENABLE KEYS */;
UNLOCK TABLES;

--
-- Table structure for table `restriccion`
--

DROP TABLE IF EXISTS `restriccion`;
/*!40101 SET @saved_cs_client     = @@character_set_client */;
/*!40101 SET character_set_client = utf8 */;
CREATE TABLE `restriccion` (
  `id` int(4) NOT NULL AUTO_INCREMENT,
  `motivo` varchar(50) NOT NULL,
  `visitante` int(4) NOT NULL,
  PRIMARY KEY (`id`),
  KEY `visitante` (`visitante`),
  CONSTRAINT `restriccion_ibfk_1` FOREIGN KEY (`visitante`) REFERENCES `visitante` (`id`) ON UPDATE CASCADE
) ENGINE=InnoDB DEFAULT CHARSET=utf8mb4;
/*!40101 SET character_set_client = @saved_cs_client */;

--
-- Dumping data for table `restriccion`
--

LOCK TABLES `restriccion` WRITE;
/*!40000 ALTER TABLE `restriccion` DISABLE KEYS */;
/*!40000 ALTER TABLE `restriccion` ENABLE KEYS */;
UNLOCK TABLES;

--
-- Table structure for table `revista`
--

DROP TABLE IF EXISTS `revista`;
/*!40101 SET @saved_cs_client     = @@character_set_client */;
/*!40101 SET character_set_client = utf8 */;
CREATE TABLE `revista` (
  `id` int(8) NOT NULL AUTO_INCREMENT,
  `nombre` varchar(25) NOT NULL,
  PRIMARY KEY (`id`),
  KEY `id` (`id`)
) ENGINE=InnoDB AUTO_INCREMENT=5 DEFAULT CHARSET=latin1;
/*!40101 SET character_set_client = @saved_cs_client */;

--
-- Dumping data for table `revista`
--

LOCK TABLES `revista` WRITE;
/*!40000 ALTER TABLE `revista` DISABLE KEYS */;
INSERT INTO `revista` VALUES (1,'VIGENTE'),(2,'LICENCIA S/GOCE'),(3,'LICENCIA C/GOCE'),(4,'COMISIÓN');
/*!40000 ALTER TABLE `revista` ENABLE KEYS */;
UNLOCK TABLES;

--
-- Table structure for table `role`
--

DROP TABLE IF EXISTS `role`;
/*!40101 SET @saved_cs_client     = @@character_set_client */;
/*!40101 SET character_set_client = utf8 */;
CREATE TABLE `role` (
  `id` int(11) NOT NULL AUTO_INCREMENT,
  `nombre` varchar(50) NOT NULL,
  PRIMARY KEY (`id`)
) ENGINE=InnoDB AUTO_INCREMENT=10 DEFAULT CHARSET=utf8mb4;
/*!40101 SET character_set_client = @saved_cs_client */;

--
-- Dumping data for table `role`
--

LOCK TABLES `role` WRITE;
/*!40000 ALTER TABLE `role` DISABLE KEYS */;
INSERT INTO `role` VALUES (1,'Super Usuario'),(2,'Administrador'),(3,'Secretaria Administrativa'),(4,'Regencia'),(5,'Preceptoria'),(6,'Consulta'),(7,'Control de Ingreso'),(8,'Docente'),(9,'Preceptor');
/*!40000 ALTER TABLE `role` ENABLE KEYS */;
UNLOCK TABLES;

--
-- Table structure for table `seguimiento`
--

DROP TABLE IF EXISTS `seguimiento`;
/*!40101 SET @saved_cs_client     = @@character_set_client */;
/*!40101 SET character_set_client = utf8 */;
CREATE TABLE `seguimiento` (
  `id` int(4) NOT NULL AUTO_INCREMENT,
  `matricula` int(4) NOT NULL,
  `fecha` date NOT NULL,
  `descripcion` text NOT NULL,
  PRIMARY KEY (`id`),
  KEY `matricula` (`matricula`),
  KEY `matricula_2` (`matricula`),
  CONSTRAINT `seguimiento_ibfk_1` FOREIGN KEY (`matricula`) REFERENCES `matricula` (`id`) ON UPDATE CASCADE
) ENGINE=InnoDB AUTO_INCREMENT=3 DEFAULT CHARSET=utf8mb4;
/*!40101 SET character_set_client = @saved_cs_client */;

--
-- Dumping data for table `seguimiento`
--

LOCK TABLES `seguimiento` WRITE;
/*!40000 ALTER TABLE `seguimiento` DISABLE KEYS */;
INSERT INTO `seguimiento` VALUES (1,1,'2019-04-20','SEGUIMIENTO EVOLUCION 1'),(2,1,'2019-04-20','Seguimiento 2');
/*!40000 ALTER TABLE `seguimiento` ENABLE KEYS */;
UNLOCK TABLES;

--
-- Table structure for table `tarjeta`
--

DROP TABLE IF EXISTS `tarjeta`;
/*!40101 SET @saved_cs_client     = @@character_set_client */;
/*!40101 SET character_set_client = utf8 */;
CREATE TABLE `tarjeta` (
  `id` int(4) NOT NULL AUTO_INCREMENT,
  `codigo` int(8) NOT NULL,
  `estado` int(4) NOT NULL,
  PRIMARY KEY (`id`)
) ENGINE=InnoDB DEFAULT CHARSET=utf8mb4;
/*!40101 SET character_set_client = @saved_cs_client */;

--
-- Dumping data for table `tarjeta`
--

LOCK TABLES `tarjeta` WRITE;
/*!40000 ALTER TABLE `tarjeta` DISABLE KEYS */;
/*!40000 ALTER TABLE `tarjeta` ENABLE KEYS */;
UNLOCK TABLES;

--
-- Table structure for table `tipoclase`
--

DROP TABLE IF EXISTS `tipoclase`;
/*!40101 SET @saved_cs_client     = @@character_set_client */;
/*!40101 SET character_set_client = utf8 */;
CREATE TABLE `tipoclase` (
  `id` int(4) NOT NULL AUTO_INCREMENT,
  `nombre` varchar(50) NOT NULL,
  PRIMARY KEY (`id`)
) ENGINE=InnoDB AUTO_INCREMENT=4 DEFAULT CHARSET=utf8mb4;
/*!40101 SET character_set_client = @saved_cs_client */;

--
-- Dumping data for table `tipoclase`
--

LOCK TABLES `tipoclase` WRITE;
/*!40000 ALTER TABLE `tipoclase` DISABLE KEYS */;
INSERT INTO `tipoclase` VALUES (1,'Presencial'),(2,'No Presencial'),(3,'Salida a Campo');
/*!40000 ALTER TABLE `tipoclase` ENABLE KEYS */;
UNLOCK TABLES;

--
-- Table structure for table `tiponovedad`
--

DROP TABLE IF EXISTS `tiponovedad`;
/*!40101 SET @saved_cs_client     = @@character_set_client */;
/*!40101 SET character_set_client = utf8 */;
CREATE TABLE `tiponovedad` (
  `id` int(11) NOT NULL AUTO_INCREMENT,
  `nombre` varchar(40) NOT NULL,
  PRIMARY KEY (`id`)
) ENGINE=InnoDB AUTO_INCREMENT=6 DEFAULT CHARSET=utf8mb4;
/*!40101 SET character_set_client = @saved_cs_client */;

--
-- Dumping data for table `tiponovedad`
--

LOCK TABLES `tiponovedad` WRITE;
/*!40000 ALTER TABLE `tiponovedad` DISABLE KEYS */;
INSERT INTO `tiponovedad` VALUES (1,'Ausencia Preceptor'),(2,'Edilicias'),(3,'Inconvenientes con Proyector/Audio aulas'),(4,'Nuevo docente en el curso'),(5,'Ausencia Jefe de Preceptores');
/*!40000 ALTER TABLE `tiponovedad` ENABLE KEYS */;
UNLOCK TABLES;

--
-- Table structure for table `turno`
--

DROP TABLE IF EXISTS `turno`;
/*!40101 SET @saved_cs_client     = @@character_set_client */;
/*!40101 SET character_set_client = utf8 */;
CREATE TABLE `turno` (
  `id` int(8) NOT NULL AUTO_INCREMENT,
  `nombre` varchar(15) NOT NULL,
  PRIMARY KEY (`id`),
  KEY `id` (`id`)
) ENGINE=InnoDB AUTO_INCREMENT=4 DEFAULT CHARSET=latin1;
/*!40101 SET character_set_client = @saved_cs_client */;

--
-- Dumping data for table `turno`
--

LOCK TABLES `turno` WRITE;
/*!40000 ALTER TABLE `turno` DISABLE KEYS */;
INSERT INTO `turno` VALUES (1,'MAÑANA'),(2,'TARDE'),(3,'NOCHE');
/*!40000 ALTER TABLE `turno` ENABLE KEYS */;
UNLOCK TABLES;

--
-- Table structure for table `user`
--

DROP TABLE IF EXISTS `user`;
/*!40101 SET @saved_cs_client     = @@character_set_client */;
/*!40101 SET character_set_client = utf8 */;
CREATE TABLE `user` (
  `id` int(11) NOT NULL AUTO_INCREMENT,
  `username` varchar(50) NOT NULL,
  `email` varchar(80) NOT NULL,
  `password` varchar(250) NOT NULL,
  `authKey` varchar(250) NOT NULL,
  `accessToken` varchar(250) NOT NULL,
  `activate` tinyint(1) NOT NULL DEFAULT '0',
  `role` int(4) NOT NULL,
  PRIMARY KEY (`id`),
  KEY `role` (`role`),
  CONSTRAINT `user_ibfk_1` FOREIGN KEY (`role`) REFERENCES `role` (`id`) ON UPDATE CASCADE
) ENGINE=InnoDB AUTO_INCREMENT=18 DEFAULT CHARSET=latin1;
/*!40101 SET character_set_client = @saved_cs_client */;

--
-- Dumping data for table `user`
--

LOCK TABLES `user` WRITE;
/*!40000 ALTER TABLE `user` DISABLE KEYS */;
INSERT INTO `user` VALUES (1,'msala','','$2y$13$3dAJjDnbdOhTKBy2dxr/1ulPl6IB.5i6LG0Hmyd6wCe6MMNuHhQsm','pBojVoWSzWJILlqs60w0UrgLeJHXcVmv','',1,1),(3,'secretaria','','$2y$13$EHNOrNSPERAAz658yHBTZ.7eMhzbXzneaCciRVwPHB15UMvO2jVtK','4e9DelMo3hhqqsmzBG6LhRLSr1L-IYgM','',1,3),(4,'regenciatm','','$2y$13$mk9u8Pnm21jCdZipYnyFD.g5eOT0dsBd2Sgn/cAna8t0Z71c3hXv2','dutMX0VisRdysEtt8FVrkzPeHDy2NAl4','',1,4),(5,'regenciatt','','$2y$13$tXs7wZPt6KQIGcoULOb7n.DEt53Z7fvTSYuGKnqSgNELAr93UA0cC','pixd27dyZ5Ggb_Bb6ZhrhEOwp0ZpmpFD','',1,4),(6,'T2P','','$2y$13$QE1WOxlqZ8zHLpaN4zYDUu./.CmWDITftO3pxiTNbbA1/rkHle0q2','LHQ86fPIFuNk_EmHZiLFgPJKX1IrgYjH','',1,5),(7,'T1P','','$2y$13$8dEBBEuPHxfANJEqBHt4UuEZ1gLZE3um/etkDKqf5b0ob9XImbTLW','D5ck-Rr4G-VHUpbcJYgv2nZRGPN2hHQb','',1,5),(8,'TPB','','$2y$13$tF86edWWM8IZB60T2REdVuAn0QARE/AwGI9kR9su0/d9nCJ5u4eby','S3VblE3ovt4cPfTwJlOGU0dzrzZUIrhq','',1,5),(9,'M2P','','$2y$13$Wd7cZpmaq0A1w/YmckGdk.tzIituafF5SW1To/du.SPjlHx7ySVXS','sxrz8FBoJwgONHZqE3X_GlY6B5Nd-GoV','',1,5),(10,'M1P','','$2y$13$g.VaFVgvw2v/R0LzLllPu.k31aD/r0.Qorkw6QRkNXElMPxjbjgGC','s_ql8H2AQGFMXymu3pXVDN1Munu9taFE','',1,5),(11,'MPB','','$2y$13$w.k3kABhszqt1oynLRpbWeM7IFGLccQED5nsHLYYPs/g1b41OUvQe','Y3Ckmo1VPP3yWAotYj8fSYs-uPzUZfoJ','',1,5),(12,'direccion','','$2y$13$Psi65ZDrl8013lvOY.YIkOZ/b23myMaA8dhjgBF7kdtrFCKVqeRbS','jZJUJ_RO4W37LbBEPmsHyCCH3Xmhq-SN','',1,6),(13,'consulta','','$2y$13$Q.WK.I4QhtPWdewumB/n6.C13eq3CAmWKm0W5EdjlAg/msJB27D8O','HqT1VwxgSuyw0K_IaOaNnVKtp4gbvPAm','',1,6),(14,'puerta','','$2y$13$2pmTcn9WWA7e21br8DxLSOEil1JPaVwHGYItt4wcZzymcS4ruOJUG','Z7VG7pIIGV1qZUV2s6nZJ7VZYpmCN9Sy','',1,7),(15,'46100','','$2y$13$6S21xSEe5vxWsLh4ghTN..20SAh6RKK9PgMjQG7bULBB505sXRzsG','wxnELT4w4rM4IxfGMvI5pm_w0ZXjaLCi','',1,8),(16,'docente','','$2y$13$apDB5yxuQ.nxnwd9g12qA./eLK8LzXwzuCSJ4SOgOhIu.KDHUsNJC','5FJCCO6ymRnmUCkJ12GKmhvxkuw0a008','',1,1),(17,'49810','','$2y$13$VWPcEoP.F1enPYl4oSPbtec9LOJ4VttFq7iKgVs3VZZcA.8TS8Wly','rsG4Ws1pwGj2YfW_Pekz7bNS0D3pGQVz','',1,9);
/*!40000 ALTER TABLE `user` ENABLE KEYS */;
UNLOCK TABLES;

--
-- Table structure for table `visitante`
--

DROP TABLE IF EXISTS `visitante`;
/*!40101 SET @saved_cs_client     = @@character_set_client */;
/*!40101 SET character_set_client = utf8 */;
CREATE TABLE `visitante` (
  `id` int(4) NOT NULL AUTO_INCREMENT,
  `dni` int(8) NOT NULL,
  `apellidos` varchar(100) NOT NULL DEFAULT '',
  `nombres` varchar(100) NOT NULL,
  `estado` int(4) NOT NULL,
  PRIMARY KEY (`id`)
) ENGINE=InnoDB DEFAULT CHARSET=utf8mb4;
/*!40101 SET character_set_client = @saved_cs_client */;

--
-- Dumping data for table `visitante`
--

LOCK TABLES `visitante` WRITE;
/*!40000 ALTER TABLE `visitante` DISABLE KEYS */;
/*!40000 ALTER TABLE `visitante` ENABLE KEYS */;
UNLOCK TABLES;
/*!40103 SET TIME_ZONE=@OLD_TIME_ZONE */;

/*!40101 SET SQL_MODE=@OLD_SQL_MODE */;
/*!40014 SET FOREIGN_KEY_CHECKS=@OLD_FOREIGN_KEY_CHECKS */;
/*!40014 SET UNIQUE_CHECKS=@OLD_UNIQUE_CHECKS */;
/*!40101 SET CHARACTER_SET_CLIENT=@OLD_CHARACTER_SET_CLIENT */;
/*!40101 SET CHARACTER_SET_RESULTS=@OLD_CHARACTER_SET_RESULTS */;
/*!40101 SET COLLATION_CONNECTION=@OLD_COLLATION_CONNECTION */;
/*!40111 SET SQL_NOTES=@OLD_SQL_NOTES */;

-- Dump completed on 2019-04-20 13:29:05
